user_id,dominant_hour,dominant_hour_pct,has_consistent_pattern,morning_pct,lunch_pct,evening_pct,hourly_entropy,weekend_ratio,weekend_tx_count,weekday_tx_count,weekend_anomaly,month_end_tx_ratio,salary_receipt_ratio,school_fee_total,school_fee_flag,roll_1h_count,roll_24h_count,roll_24h_volume,roll_7d_avg_value,roll_30d_volume,roll_30d_count,total_tx_count,avg_tx_value
CUST_000239,15,28.5714,false,0.0,0.0,14.2857,2.2359,0.0,0,7,false,0.0,0.0,0.0,false,1,2,2001.21,3192.26,17339.13,7,7,2477.02
CUST_000143,9,25.0,false,0.0,16.6667,16.6667,3.0221,0.1667,2,10,false,0.0,0.0,0.0,false,1,1,1388.09,843.09,13076.56,12,12,1089.71
CUST_000477,21,22.2222,false,0.0,0.0,11.1111,2.7255,0.1111,1,8,false,0.2222,0.1111,0.0,false,1,2,9083.32,2613.87,32506.6,9,9,3611.84
CUST_000339,12,16.6667,false,0.0,16.6667,22.2222,3.0441,0.1111,2,16,false,0.1111,0.0556,0.0,false,1,1,423.67,867.5,26662.72,18,18,1481.26
CUST_000165,18,22.2222,false,0.0,0.0,22.2222,2.7255,0.2222,2,7,false,0.1111,0.1111,0.0,false,1,1,832.08,772.94,38150.97,9,9,4239.0
CUST_000117,9,20.0,false,0.0,0.0,26.6667,3.1899,0.0667,1,14,false,0.1333,0.0,0.0,false,1,2,1042.97,1074.63,20311.86,15,15,1354.12
CUST_000850,20,11.1111,false,0.0,11.1111,33.3333,3.1699,0.0,0,9,false,0.0,0.0,0.0,false,1,1,551.04,3543.01,12754.59,9,9,1417.18
CUST_000547,19,25.0,false,0.0,12.5,37.5,2.75,0.125,1,7,false,0.25,0.125,0.0,false,1,1,1083.71,1698.42,13717.52,8,8,1714.69
CUST_000978,17,25.0,false,0.0,12.5,25.0,2.5,0.125,1,7,false,0.0,0.0,0.0,false,1,1,794.89,794.89,7312.97,8,8,914.12
CUST_000653,15,18.1818,false,18.1818,0.0,27.2727,3.0958,0.1818,2,9,false,0.2727,0.0,0.0,false,1,3,2979.71,581.15,7007.87,11,11,637.08
CUST_000998,9,22.2222,false,0.0,0.0,22.2222,2.7255,0.0,0,9,false,0.4444,0.2222,0.0,false,1,4,43109.85,8919.05,47570.98,9,9,5285.66
CUST_000453,18,37.5,false,0.0,12.5,50.0,2.1556,0.0,0,8,false,0.125,0.0,0.0,false,1,1,5665.63,2852.25,12820.43,8,8,1602.55
CUST_000680,17,13.3333,false,13.3333,6.6667,26.6667,3.5069,0.2667,4,11,false,0.2,0.0667,0.0,false,1,3,3996.32,801.25,14253.7,15,15,950.25
CUST_000896,10,16.6667,false,25.0,16.6667,16.6667,3.2516,0.0833,1,11,false,0.0833,0.0,0.0,false,1,1,1238.98,828.36,22001.82,12,12,1833.48
CUST_000578,16,23.0769,false,15.3846,0.0,23.0769,3.1808,0.0769,1,12,false,0.0,0.0,0.0,false,1,1,628.77,2347.37,19622.3,13,13,1509.41
CUST_000268,12,22.2222,false,11.1111,22.2222,33.3333,2.9477,0.0,0,9,false,0.1111,0.0,0.0,false,1,1,576.81,683.22,13565.85,9,9,1507.32
CUST_000705,15,33.3333,false,0.0,33.3333,0.0,2.4194,0.0,0,9,false,0.0,0.0,0.0,false,1,1,2152.66,1045.38,13487.34,9,9,1498.59
CUST_000430,11,20.0,false,0.0,6.6667,26.6667,3.3232,0.0667,1,14,false,0.1333,0.0667,0.0,false,1,2,2384.48,814.68,24789.81,15,15,1652.65
CUST_000994,10,50.0,false,0.0,0.0,0.0,1.5,0.0,0,4,false,0.0,0.0,0.0,false,1,1,682.12,812.05,1963.69,4,4,490.92
CUST_000839,11,25.0,false,12.5,37.5,12.5,2.5,0.25,2,6,false,0.125,0.125,0.0,false,1,1,163.98,96.56,6104.09,8,8,763.01
CUST_000581,17,27.2727,false,9.0909,9.0909,45.4545,2.4131,0.0,0,11,false,0.0909,0.0909,0.0,false,1,1,498.98,796.25,27889.42,11,11,2535.4
CUST_000121,13,20.0,false,10.0,30.0,20.0,3.1219,0.3,3,7,false,0.0,0.0,0.0,false,1,1,106.57,168.94,9052.74,10,10,905.27
CUST_000599,11,22.2222,false,11.1111,11.1111,11.1111,2.7255,0.1111,1,8,false,0.3333,0.1111,0.0,false,1,3,1601.2,577.64,5667.72,9,9,629.75
CUST_000071,10,25.0,false,6.25,12.5,25.0,2.9528,0.0625,1,15,false,0.25,0.125,0.0,false,1,4,26144.36,4750.65,85638.25,16,16,5352.39
CUST_000243,17,15.3846,false,0.0,7.6923,30.7692,3.0851,0.0769,1,12,false,0.0769,0.0,0.0,false,1,1,491.62,588.04,6878.75,13,13,529.13
CUST_000748,18,28.5714,false,0.0,0.0,42.8571,2.5216,0.0,0,7,false,0.0,0.0,0.0,false,1,1,538.45,5853.03,29975.72,7,7,4282.25
CUST_000727,11,20.0,false,0.0,0.0,20.0,2.3219,0.4,2,3,false,0.0,0.0,0.0,false,1,1,707.59,1460.68,7583.72,5,5,1516.74
CUST_000385,12,66.6667,false,0.0,66.6667,33.3333,0.9183,0.0,0,3,false,0.3333,0.0,0.0,false,1,1,4354.21,4354.21,32860.77,3,3,10953.59
CUST_000499,13,30.0,false,10.0,30.0,20.0,2.8464,0.2,2,8,false,0.2,0.1,0.0,false,1,2,532.4,557.87,6770.95,10,10,677.1
CUST_000253,13,25.0,false,8.3333,25.0,33.3333,2.6258,0.0833,1,11,false,0.3333,0.1667,0.0,false,1,4,2200.56,585.18,22676.73,12,12,1889.73
CUST_000468,10,20.0,false,10.0,0.0,20.0,2.7219,0.2,2,8,false,0.3,0.2,0.0,false,1,2,8830.34,9033.81,64511.94,10,10,6451.19
CUST_000223,12,37.5,false,0.0,37.5,37.5,2.1556,0.125,1,7,false,0.25,0.125,0.0,false,1,2,3819.19,1523.16,31172.53,8,8,3896.57
CUST_000372,11,18.1818,false,0.0,9.0909,18.1818,3.2776,0.1818,2,9,false,0.1818,0.0909,0.0,false,1,2,1009.57,427.0,7071.91,11,11,642.9
CUST_000509,22,20.0,false,0.0,0.0,10.0,2.9219,0.1,1,9,false,0.0,0.0,0.0,false,1,2,347.17,171.51,6252.55,10,10,625.25
CUST_000865,13,25.0,false,25.0,25.0,25.0,2.0,0.25,1,3,false,0.25,0.25,0.0,false,1,1,279.84,1338.43,6458.93,4,4,1614.73
CUST_000755,17,12.5,false,0.0,12.5,37.5,3.0,0.0,0,8,false,0.125,0.0,0.0,false,1,1,449.6,774.68,14394.11,8,8,1799.26
CUST_000410,14,33.3333,false,0.0,11.1111,11.1111,2.4194,0.3333,3,6,false,0.1111,0.1111,0.0,false,1,1,81.17,894.41,14484.58,9,9,1609.4
CUST_000402,19,22.2222,false,11.1111,0.0,33.3333,2.7255,0.1111,1,8,false,0.1111,0.1111,0.0,false,1,1,107.63,947.5,14448.1,9,9,1605.34
CUST_000342,16,20.0,false,0.0,20.0,20.0,2.3219,0.0,0,5,false,0.2,0.2,0.0,false,1,1,2241.42,4938.69,12119.03,5,5,2423.81
CUST_000192,17,37.5,false,12.5,0.0,37.5,2.4056,0.125,1,7,false,0.375,0.25,0.0,false,1,1,716.55,3451.94,19740.85,8,8,2467.61
CUST_000993,12,20.0,false,10.0,30.0,0.0,2.9219,0.0,0,10,false,0.0,0.0,0.0,false,1,1,72.36,1914.13,11614.92,10,10,1161.49
CUST_000359,20,28.5714,false,14.2857,0.0,28.5714,2.2359,0.2857,2,5,false,0.0,0.0,0.0,false,1,1,653.69,653.69,3488.96,7,7,498.42
CUST_000396,9,27.2727,false,18.1818,18.1818,18.1818,3.0272,0.0,0,11,false,0.2727,0.0909,0.0,false,1,2,1493.51,2374.16,18112.32,11,11,1646.57
CUST_000551,18,20.0,false,10.0,10.0,30.0,2.9219,0.1,1,9,false,0.0,0.0,0.0,false,1,1,13653.51,6065.88,32384.71,10,10,3238.47
CUST_000775,10,28.5714,false,14.2857,0.0,28.5714,2.5216,0.0,0,7,false,0.1429,0.1429,0.0,false,1,1,230.27,712.58,13098.64,7,7,1871.23
CUST_000806,15,22.2222,false,22.2222,11.1111,0.0,2.9477,0.0,0,9,false,0.1111,0.1111,0.0,false,1,1,204.76,723.86,22573.41,9,9,2508.16
CUST_000919,18,30.7692,false,0.0,7.6923,38.4615,2.9312,0.1538,2,11,false,0.0769,0.0,0.0,false,1,1,3477.34,1192.49,11032.35,13,13,848.64
CUST_000183,11,22.2222,false,22.2222,11.1111,0.0,2.9477,0.1111,1,8,false,0.1111,0.1111,0.0,false,1,1,1147.09,880.4,63037.8,9,9,7004.2
CUST_000742,12,25.0,false,16.6667,41.6667,8.3333,3.0221,0.25,3,9,false,0.1667,0.0,0.0,false,1,2,702.35,396.88,11637.63,12,12,969.8
CUST_000138,10,18.1818,false,18.1818,18.1818,0.0,3.0958,0.0909,1,10,false,0.0909,0.0909,0.0,false,1,1,103.63,246.78,5919.84,11,11,538.17
CUST_000606,18,25.0,false,37.5,12.5,25.0,2.75,0.125,1,7,false,0.0,0.0,0.0,false,1,1,374.27,441.91,4201.17,8,8,525.15
CUST_000758,13,30.7692,false,15.3846,30.7692,15.3846,2.9312,0.0,0,13,false,0.0769,0.0769,0.0,false,1,1,4557.14,3026.49,103682.2,13,13,7975.55
CUST_000090,16,25.0,false,8.3333,25.0,16.6667,2.8554,0.0,0,12,false,0.3333,0.0,0.0,false,2,3,2475.47,1095.71,14317.94,12,12,1193.16
CUST_000591,18,21.4286,false,21.4286,7.1429,28.5714,3.182,0.1429,2,12,false,0.0,0.0,0.0,false,1,1,441.1,2902.07,117025.34,14,14,8358.95
CUST_000673,19,20.0,false,20.0,0.0,50.0,2.9219,0.0,0,10,false,0.2,0.0,0.0,false,1,2,4266.71,1157.37,10305.78,10,10,1030.58
CUST_000641,10,18.1818,false,9.0909,18.1818,18.1818,3.0958,0.2727,3,8,false,0.0909,0.0,0.0,false,1,1,9331.61,7438.2,65581.66,11,11,5961.97
CUST_000593,13,20.0,false,0.0,20.0,30.0,2.7219,0.2,2,8,false,0.1,0.1,0.0,false,1,1,206.14,743.76,7311.63,10,10,731.16
CUST_000351,17,22.2222,false,0.0,22.2222,33.3333,2.7255,0.1111,1,8,false,0.2222,0.0,0.0,false,1,2,6200.81,4773.97,24665.8,9,9,2740.64
CUST_000390,8,66.6667,false,66.6667,0.0,33.3333,0.9183,0.0,0,3,false,0.0,0.0,0.0,false,1,1,1166.88,881.54,2644.63,3,3,881.54
CUST_000910,23,20.0,false,0.0,20.0,20.0,2.9219,0.2,2,8,false,0.4,0.2,0.0,false,1,4,4182.59,927.93,15232.55,10,10,1523.26
CUST_000548,15,22.2222,false,11.1111,11.1111,22.2222,2.9477,0.2222,2,7,false,0.2222,0.1111,0.0,false,1,1,597.33,1101.98,6313.22,9,9,701.47
CUST_000863,19,27.2727,false,9.0909,0.0,45.4545,2.8454,0.0909,1,10,false,0.0909,0.0,0.0,false,1,1,668.1,422.77,15101.77,11,11,1372.89
CUST_000608,10,22.2222,false,11.1111,22.2222,11.1111,2.7255,0.1111,1,8,false,0.1111,0.1111,0.0,false,1,2,1591.97,1690.13,9990.82,9,9,1110.09
CUST_000754,20,14.2857,false,14.2857,14.2857,42.8571,2.8074,0.1429,1,6,false,0.1429,0.0,0.0,false,1,1,10758.83,6554.42,51530.56,7,7,7361.51
CUST_000187,10,33.3333,false,0.0,16.6667,0.0,2.2516,0.0,0,6,false,0.1667,0.0,0.0,false,1,1,1127.74,1087.8,5684.53,6,6,947.42
CUST_000392,9,16.6667,false,16.6667,8.3333,25.0,3.2516,0.25,3,9,false,0.1667,0.0,0.0,false,1,3,1604.97,1302.27,45308.15,12,12,3775.68
CUST_000060,23,20.0,false,10.0,20.0,10.0,2.7219,0.1,1,9,false,0.1,0.1,0.0,false,1,1,2414.71,1070.41,14065.39,10,10,1406.54
CUST_000391,17,33.3333,false,0.0,11.1111,55.5556,2.1972,0.1111,1,8,false,0.1111,0.0,0.0,false,1,1,852.98,1410.26,10344.22,9,9,1149.36
CUST_000934,15,20.0,false,20.0,20.0,10.0,2.9219,0.0,0,10,false,0.2,0.0,0.0,false,1,2,3606.62,1443.44,12399.67,10,10,1239.97
CUST_000709,18,21.0526,false,0.0,21.0526,42.1053,3.09,0.1053,2,17,false,0.1053,0.0,0.0,false,1,2,1018.08,1061.0,19384.7,19,19,1020.25
CUST_000306,11,20.0,false,0.0,10.0,10.0,2.9219,0.1,1,9,false,0.0,0.0,0.0,false,1,1,78.52,1266.5,9572.17,10,10,957.22
CUST_000963,21,16.6667,false,16.6667,0.0,0.0,3.085,0.25,3,9,false,0.0833,0.0,0.0,false,1,1,977.01,414.45,8310.53,12,12,692.54
CUST_000439,11,20.0,false,6.6667,13.3333,26.6667,3.0566,0.2,3,12,false,0.0,0.0,0.0,false,2,4,6467.53,1237.31,26993.56,15,15,1799.57
CUST_000294,7,12.5,false,12.5,6.25,18.75,3.375,0.1875,3,13,false,0.1875,0.0625,0.0,false,1,3,6173.18,1833.25,59719.27,16,16,3732.45
CUST_000955,14,25.0,false,0.0,16.6667,0.0,2.6887,0.25,3,9,false,0.0833,0.0,0.0,false,1,1,130.54,332.61,5970.93,12,12,497.58
CUST_000489,11,21.4286,false,14.2857,14.2857,14.2857,3.3249,0.1429,2,12,false,0.0714,0.0,0.0,false,1,1,4615.39,9846.6,89433.42,14,14,6388.1
CUST_000880,17,15.3846,false,7.6923,23.0769,30.7692,3.2389,0.0,0,13,false,0.1538,0.0,0.0,false,1,2,3814.03,893.34,15538.54,13,13,1195.27
CUST_000101,15,20.0,false,10.0,0.0,20.0,2.9219,0.1,1,9,false,0.2,0.1,0.0,false,1,2,1844.16,1435.33,14970.25,10,10,1497.03
CUST_000128,21,25.0,false,0.0,12.5,25.0,2.25,0.125,1,7,false,0.0,0.0,0.0,false,1,1,100.97,100.97,11375.07,8,8,1421.88
CUST_000787,17,20.0,false,0.0,20.0,40.0,3.1219,0.3,3,7,false,0.0,0.0,0.0,false,1,2,2844.42,1895.98,20585.45,10,10,2058.55
CUST_000790,17,18.75,false,12.5,0.0,31.25,3.1556,0.0625,1,15,false,0.125,0.0625,0.0,false,1,2,7816.23,2114.52,77018.75,16,16,4813.67
CUST_000310,10,18.1818,false,9.0909,9.0909,27.2727,3.0958,0.0,0,11,false,0.0,0.0,0.0,false,1,1,3326.27,3326.27,14764.31,11,11,1342.21
CUST_000935,14,30.7692,false,0.0,0.0,23.0769,2.5654,0.2308,3,10,false,0.1538,0.1538,0.0,false,1,2,461.71,449.42,9831.55,13,13,756.27
CUST_000691,20,22.2222,false,0.0,11.1111,11.1111,2.5033,0.3333,3,6,false,0.1111,0.0,0.0,false,1,1,243.35,1207.3,9534.43,9,9,1059.38
CUST_000423,10,18.1818,false,27.2727,9.0909,9.0909,3.0958,0.0909,1,10,false,0.2727,0.1818,0.0,false,1,2,3433.04,4224.96,27377.84,11,11,2488.89
CUST_000842,16,11.7647,false,11.7647,11.7647,29.4118,3.6169,0.1176,2,15,false,0.1765,0.0,0.0,false,1,2,2532.98,837.86,29970.8,17,17,1762.99
CUST_000369,6,40.0,false,40.0,20.0,0.0,1.9219,0.0,0,5,false,0.4,0.2,0.0,false,1,2,14853.69,5856.31,21835.56,5,5,4367.11
CUST_000874,12,11.7647,false,5.8824,17.6471,23.5294,3.6169,0.0,0,17,false,0.2353,0.0588,0.0,false,1,4,5186.13,1853.15,31299.87,17,17,1841.17
CUST_000891,14,14.2857,false,14.2857,14.2857,28.5714,2.8074,0.4286,3,4,false,0.2857,0.0,0.0,false,1,2,2131.1,748.67,5261.59,7,7,751.66
CUST_000092,15,20.0,false,10.0,10.0,20.0,3.1219,0.2,2,8,false,0.0,0.0,0.0,false,1,1,5375.18,2189.89,17282.88,10,10,1728.29
CUST_000520,19,33.3333,false,0.0,16.6667,33.3333,2.2516,0.0,0,6,false,0.3333,0.3333,0.0,false,1,2,1078.75,385.54,4033.1,6,6,672.18
CUST_000609,21,27.2727,false,9.0909,9.0909,9.0909,2.8454,0.0909,1,10,false,0.2727,0.0909,0.0,false,1,3,5104.83,1448.54,20614.21,11,11,1874.02
CUST_000078,10,18.1818,false,9.0909,9.0909,18.1818,2.914,0.0,0,11,false,0.2727,0.0909,0.0,false,1,2,406.1,169.78,23899.39,11,11,2172.67
CUST_000571,17,12.5,false,0.0,12.5,37.5,3.0,0.0,0,8,false,0.125,0.0,0.0,false,1,1,791.99,515.74,6965.11,8,8,870.64
CUST_000504,9,20.0,false,0.0,0.0,10.0,2.9219,0.1,1,9,false,0.2,0.0,0.0,false,1,2,1947.5,1107.42,9003.23,10,10,900.32
CUST_000675,19,22.2222,false,0.0,11.1111,22.2222,2.7255,0.1111,1,8,false,0.1111,0.0,0.0,false,1,1,329.52,421.1,5905.37,9,9,656.15
CUST_000033,12,40.0,false,0.0,40.0,0.0,1.9219,0.0,0,5,false,0.0,0.0,0.0,false,1,1,605.62,1249.85,5085.86,5,5,1017.17
CUST_000750,14,14.2857,false,14.2857,14.2857,14.2857,3.6645,0.2143,3,11,false,0.0714,0.0,0.0,false,1,1,1558.05,548.27,13778.87,14,14,984.21
CUST_000044,23,23.0769,false,0.0,7.6923,0.0,2.8151,0.1538,2,11,false,0.1538,0.1538,0.0,false,1,2,9634.81,2594.22,18953.94,13,13,1458.0
CUST_000701,10,27.2727,false,9.0909,9.0909,18.1818,3.0272,0.0909,1,10,false,0.1818,0.0909,0.0,false,1,2,2859.47,4250.81,201814.18,11,11,18346.74
CUST_000476,17,50.0,false,0.0,12.5,50.0,1.75,0.0,0,8,false,0.125,0.125,0.0,false,1,1,161.93,1211.73,11133.8,8,8,1391.72
CUST_000393,20,20.0,false,0.0,0.0,20.0,2.3219,0.0,0,5,false,0.0,0.0,0.0,false,1,1,1320.17,609.26,2821.99,5,5,564.4
CUST_000866,19,15.3846,false,7.6923,23.0769,30.7692,3.2389,0.1538,2,11,false,0.2308,0.0769,0.0,false,1,2,927.3,1173.9,16412.62,13,13,1262.51
CUST_000213,14,33.3333,false,11.1111,0.0,22.2222,2.6416,0.4444,4,5,false,0.2222,0.0,0.0,false,1,2,2515.19,795.44,10174.85,9,9,1130.54
CUST_000037,18,25.0,false,16.6667,8.3333,33.3333,3.0221,0.1667,2,10,false,0.0,0.0,0.0,false,1,1,284.92,185.9,13738.13,12,12,1144.84
CUST_000280,11,20.0,false,10.0,10.0,20.0,2.9219,0.1,1,9,false,0.0,0.0,0.0,false,1,1,166.18,90.61,4395.2,10,10,439.52
CUST_000685,16,20.0,false,5.0,0.0,25.0,3.1842,0.1,2,18,false,0.1,0.1,0.0,false,1,2,1752.8,1418.98,23278.76,20,20,1163.94
CUST_000447,16,25.0,false,12.5,12.5,37.5,2.5,0.375,3,5,false,0.125,0.125,0.0,false,1,1,1068.65,803.5,6033.37,8,8,754.17
CUST_000579,19,50.0,false,0.0,0.0,75.0,1.5,0.0,0,4,false,0.0,0.0,0.0,false,2,2,16089.7,8053.66,24794.74,4,4,6198.68
CUST_000832,22,20.0,false,0.0,20.0,10.0,3.1219,0.0,0,10,false,0.1,0.0,0.0,false,1,2,2490.75,741.27,15863.17,10,10,1586.32
CUST_000771,17,33.3333,false,0.0,0.0,44.4444,2.4194,0.0,0,9,false,0.0,0.0,0.0,false,1,2,739.21,369.61,8913.58,9,9,990.4
CUST_000094,19,27.2727,false,0.0,9.0909,36.3636,2.6635,0.0909,1,10,false,0.0,0.0,0.0,false,1,1,5261.27,4857.21,75699.06,11,11,6881.73
CUST_000572,20,22.2222,false,11.1111,0.0,11.1111,2.7255,0.2222,2,7,false,0.3333,0.1111,0.0,false,1,3,4117.24,1372.41,16823.46,9,9,1869.27
CUST_000353,13,44.4444,false,11.1111,66.6667,11.1111,2.0588,0.1111,1,8,false,0.1111,0.0,0.0,false,1,1,2394.33,1109.7,11998.95,9,9,1333.22
CUST_000510,12,25.0,false,12.5,50.0,12.5,2.5,0.125,1,7,false,0.0,0.0,0.0,false,1,1,403.38,756.58,3790.87,8,8,473.86
CUST_000622,11,20.0,false,10.0,10.0,30.0,2.9219,0.1,1,9,false,0.2,0.1,0.0,false,1,1,1750.91,1176.94,11488.68,10,10,1148.87
CUST_000721,18,21.4286,false,14.2857,21.4286,35.7143,3.0391,0.0,0,14,false,0.2143,0.0714,0.0,false,1,3,994.73,1341.77,16201.25,14,14,1157.23
CUST_000065,13,22.2222,false,33.3333,22.2222,0.0,2.5033,0.1111,1,8,false,0.3333,0.2222,0.0,false,1,2,219.68,1392.14,14055.32,9,9,1561.7
CUST_000162,16,30.0,false,0.0,10.0,20.0,2.4464,0.1,1,9,false,0.3,0.0,0.0,false,1,3,978.85,345.61,6081.49,10,10,608.15
CUST_000703,18,28.5714,false,0.0,0.0,42.8571,2.5216,0.2857,2,5,false,0.0,0.0,0.0,false,1,1,15580.41,12025.81,63097.55,7,7,9013.94
CUST_000542,9,18.1818,false,0.0,0.0,27.2727,3.2776,0.0,0,11,false,0.2727,0.0,0.0,false,1,3,2899.37,776.86,6342.75,11,11,576.61
CUST_000025,17,28.5714,false,14.2857,14.2857,42.8571,2.5216,0.2857,2,5,false,0.2857,0.1429,0.0,false,1,2,1975.97,987.98,53467.81,7,7,7638.26
CUST_000882,12,15.3846,false,7.6923,15.3846,0.0,3.2389,0.0769,1,12,false,0.1538,0.0769,0.0,false,1,2,411.76,900.49,12740.91,13,13,980.07
CUST_000575,19,40.0,false,0.0,20.0,50.0,2.3219,0.4,4,6,false,0.0,0.0,0.0,false,1,1,193.28,233.0,5565.26,10,10,556.53
CUST_000106,8,25.0,false,33.3333,25.0,16.6667,2.8554,0.0833,1,11,false,0.0833,0.0833,0.0,false,1,1,499.82,1541.63,47379.5,12,12,3948.29
CUST_000518,19,27.2727,false,9.0909,27.2727,27.2727,2.8454,0.0909,1,10,false,0.0,0.0,0.0,false,1,2,1271.86,663.91,15128.5,11,11,1375.32
CUST_000924,14,14.2857,false,0.0,14.2857,42.8571,2.8074,0.1429,1,6,false,0.4286,0.2857,0.0,false,1,3,17330.56,5723.5,68713.71,7,7,9816.24
CUST_000277,9,18.1818,false,0.0,18.1818,18.1818,2.914,0.0909,1,10,false,0.0909,0.0,0.0,false,1,1,662.26,801.17,18008.09,11,11,1637.1
CUST_000173,13,20.0,false,13.3333,26.6667,6.6667,3.3232,0.0,0,15,false,0.1333,0.0667,0.0,false,1,2,975.62,398.67,17696.29,15,15,1179.75
CUST_000568,13,25.0,false,0.0,25.0,37.5,2.5,0.25,2,6,false,0.125,0.0,0.0,false,1,1,551.64,476.79,81687.19,8,8,10210.9
CUST_000562,23,20.0,false,0.0,10.0,10.0,2.9219,0.1,1,9,false,0.2,0.0,0.0,false,1,2,2740.93,1636.98,55937.62,10,10,5593.76
CUST_000612,17,12.5,false,0.0,12.5,25.0,3.0,0.0,0,8,false,0.125,0.125,0.0,false,1,1,303.19,765.75,20124.35,8,8,2515.54
CUST_000451,22,25.0,false,0.0,12.5,0.0,2.75,0.125,1,7,false,0.125,0.0,0.0,false,1,1,1045.42,1015.83,6188.25,8,8,773.53
CUST_000313,14,42.8571,false,0.0,0.0,14.2857,2.1281,0.0,0,7,false,0.0,0.0,0.0,false,1,1,231.24,2642.9,14681.24,7,7,2097.32
CUST_000973,20,27.2727,false,9.0909,0.0,36.3636,2.6635,0.0,0,11,false,0.0909,0.0,0.0,false,1,1,15.21,978.1,8531.42,11,11,775.58
CUST_000772,16,11.1111,false,16.6667,16.6667,16.6667,3.5033,0.0,0,18,false,0.1667,0.1111,0.0,false,1,3,11329.64,2558.69,70650.07,18,18,3925.0
CUST_000543,16,25.0,false,12.5,0.0,12.5,2.75,0.25,2,6,false,0.25,0.125,0.0,false,1,1,1565.94,2745.62,18691.54,8,8,2336.44
CUST_000565,9,23.0769,false,0.0,15.3846,7.6923,2.8731,0.0769,1,12,false,0.1538,0.0769,0.0,false,1,2,969.3,741.37,16212.09,13,13,1247.08
CUST_000471,19,21.4286,false,14.2857,0.0,28.5714,3.182,0.1429,2,12,false,0.0,0.0,0.0,false,1,1,151.88,915.0,23113.24,14,14,1650.95
CUST_000258,9,22.2222,false,11.1111,11.1111,22.2222,2.9477,0.0,0,9,false,0.5556,0.4444,0.0,false,2,4,2887.21,807.82,9345.08,9,9,1038.34
CUST_000146,23,33.3333,false,16.6667,16.6667,0.0,2.2516,0.5,3,3,false,0.0,0.0,0.0,false,1,1,165.16,747.63,3272.39,6,6,545.4
CUST_000064,16,16.6667,false,16.6667,0.0,33.3333,3.2516,0.0,0,12,false,0.0,0.0,0.0,false,1,2,1441.56,1022.52,10758.41,12,12,896.53
CUST_000095,13,15.3846,false,7.6923,23.0769,15.3846,3.3927,0.0769,1,12,false,0.1538,0.0,0.0,false,1,2,2313.49,1512.39,31117.75,13,13,2393.67
CUST_000663,17,25.0,false,0.0,25.0,37.5,2.5,0.0,0,8,false,0.5,0.0,0.0,false,1,4,7266.68,1816.67,10133.25,8,8,1266.66
CUST_000378,18,10.0,false,10.0,10.0,30.0,3.3219,0.1,1,9,false,0.2,0.0,0.0,false,1,2,590.57,353.74,6327.72,10,10,632.77
CUST_000530,17,28.5714,false,0.0,14.2857,42.8571,2.5216,0.0,0,7,false,0.0,0.0,0.0,false,1,1,1813.15,1147.49,23475.42,7,7,3353.63
CUST_000812,13,28.5714,false,14.2857,28.5714,0.0,2.2359,0.1429,1,6,false,0.0,0.0,0.0,false,1,1,363.65,395.86,3867.98,7,7,552.57
CUST_000613,10,22.2222,false,0.0,33.3333,33.3333,2.7255,0.1111,1,8,false,0.2222,0.1111,0.0,false,1,1,2274.18,906.68,30373.42,9,9,3374.82
CUST_000338,15,20.0,false,0.0,13.3333,13.3333,3.4566,0.0667,1,14,false,0.1333,0.0667,0.0,false,1,2,7885.56,1833.72,20476.58,15,15,1365.11
CUST_000837,11,14.2857,false,14.2857,21.4286,7.1429,3.2359,0.1429,2,12,false,0.2857,0.0,0.0,false,1,2,9805.16,2657.53,25894.68,14,14,1849.62
CUST_000228,23,21.4286,false,7.1429,14.2857,21.4286,3.182,0.1429,2,12,false,0.0714,0.0,0.0,false,1,1,3345.49,29496.73,115418.5,14,14,8244.18
CUST_000093,16,23.5294,false,11.7647,11.7647,11.7647,3.1019,0.1176,2,15,false,0.1176,0.0,0.0,false,1,2,3102.58,2572.42,88974.79,17,17,5233.81
CUST_000589,11,33.3333,false,11.1111,11.1111,11.1111,2.6416,0.2222,2,7,false,0.1111,0.1111,0.0,false,1,1,56.36,1660.73,8809.38,9,9,978.82
CUST_000648,21,15.3846,false,7.6923,0.0,23.0769,3.2389,0.2308,3,10,false,0.1538,0.0769,0.0,false,1,2,921.24,399.39,31344.99,13,13,2411.15
CUST_000282,13,28.5714,false,14.2857,28.5714,28.5714,2.2359,0.0,0,7,false,0.2857,0.1429,0.0,false,1,2,9530.93,3261.43,11856.3,7,7,1693.76
CUST_000178,10,25.0,false,0.0,0.0,25.0,2.0,0.0,0,4,false,0.25,0.0,0.0,false,1,1,650.65,1055.98,3527.96,4,4,881.99
CUST_000696,14,42.8571,false,14.2857,14.2857,14.2857,2.1281,0.1429,1,6,false,0.1429,0.1429,0.0,false,1,1,144.93,708.12,5300.0,7,7,757.14
CUST_000129,13,18.1818,false,18.1818,27.2727,18.1818,3.2776,0.0909,1,10,false,0.1818,0.0909,0.0,false,1,2,1830.1,884.89,10825.46,11,11,984.13
CUST_000424,16,30.0,false,10.0,0.0,10.0,2.6464,0.1,1,9,false,0.3,0.2,0.0,false,1,2,1375.02,632.41,5419.29,10,10,541.93
CUST_000266,12,21.4286,false,14.2857,21.4286,14.2857,3.0391,0.0714,1,13,false,0.1429,0.0714,0.0,false,1,2,809.42,377.45,12058.27,14,14,861.31
CUST_000667,19,22.2222,false,0.0,11.1111,33.3333,2.9477,0.1111,1,8,false,0.0,0.0,0.0,false,1,2,3259.52,2106.45,16399.95,9,9,1822.22
CUST_000325,13,40.0,false,20.0,40.0,40.0,1.9219,0.4,2,3,false,0.2,0.0,0.0,false,1,1,569.19,445.3,4611.06,5,5,922.21
CUST_000003,16,22.2222,false,0.0,11.1111,22.2222,2.9477,0.0,0,9,false,0.2222,0.1111,0.0,false,1,2,5183.73,2591.86,16347.37,9,9,1816.37
CUST_000496,11,20.0,false,0.0,20.0,40.0,2.3219,0.0,0,5,false,0.0,0.0,0.0,false,1,2,591.28,784.85,3642.87,5,5,728.57
CUST_000212,10,16.6667,false,0.0,8.3333,25.0,3.2516,0.0833,1,11,false,0.0,0.0,0.0,false,1,2,458.04,1009.54,12311.35,12,12,1025.95
CUST_000486,9,23.0769,false,7.6923,30.7692,0.0,2.8731,0.0,0,13,false,0.2308,0.0769,0.0,false,1,2,5496.3,1800.28,20302.08,13,13,1561.7
CUST_000017,13,42.8571,false,0.0,42.8571,14.2857,2.1281,0.1429,1,6,false,0.1429,0.1429,0.0,false,1,1,11610.43,7438.44,40083.84,7,7,5726.26
CUST_000053,19,25.0,false,16.6667,8.3333,50.0,3.0221,0.25,3,9,false,0.25,0.0,0.0,false,2,3,4358.31,1622.04,18877.23,12,12,1573.1
CUST_000086,18,22.2222,false,0.0,22.2222,33.3333,2.9477,0.0,0,9,false,0.1111,0.1111,0.0,false,1,1,207.9,376.19,14127.35,9,9,1569.71
CUST_000762,17,25.0,false,0.0,12.5,25.0,2.75,0.0,0,8,false,0.25,0.125,0.0,false,1,2,2613.01,5363.68,22312.24,8,8,2789.03
CUST_000151,17,25.0,false,0.0,0.0,37.5,2.75,0.0,0,8,false,0.125,0.0,0.0,false,1,1,1119.02,1119.02,16504.21,8,8,2063.03
CUST_000512,19,22.2222,false,11.1111,22.2222,22.2222,2.7255,0.0,0,9,false,0.1111,0.0,0.0,false,1,1,4218.85,2240.49,14691.33,9,9,1632.37
CUST_000847,16,16.6667,false,8.3333,16.6667,16.6667,3.085,0.0,0,12,false,0.0833,0.0833,0.0,false,1,1,48.3,300.64,18566.58,12,12,1547.22
CUST_000501,11,23.5294,false,0.0,17.6471,17.6471,2.9398,0.2353,4,13,false,0.1176,0.0588,0.0,false,1,2,2024.05,5435.65,76067.31,17,17,4474.55
CUST_000897,10,23.0769,false,7.6923,15.3846,15.3846,3.027,0.0769,1,12,false,0.1538,0.0769,0.0,false,1,2,3381.57,11070.79,51766.57,13,13,3982.04
CUST_000227,15,37.5,false,12.5,25.0,12.5,2.1556,0.0,0,8,false,0.25,0.125,0.0,false,1,2,2311.38,1155.69,11760.49,8,8,1470.06
CUST_000650,10,21.4286,false,14.2857,21.4286,7.1429,2.9852,0.1429,2,12,false,0.1429,0.0,0.0,false,1,2,4750.54,1711.21,61294.47,14,14,4378.18
CUST_000036,17,16.6667,false,8.3333,8.3333,25.0,3.2516,0.0833,1,11,false,0.25,0.1667,0.0,false,1,3,2829.32,887.56,9646.34,12,12,803.86
CUST_000724,12,20.0,false,10.0,20.0,20.0,2.7219,0.0,0,10,false,0.4,0.2,0.0,false,1,3,4803.34,2444.3,19328.64,10,10,1932.86
CUST_000116,17,14.2857,false,0.0,7.1429,21.4286,3.2359,0.1429,2,12,false,0.2857,0.2857,0.0,false,1,3,4740.64,1155.13,10701.71,14,14,764.41
CUST_000386,14,23.0769,false,7.6923,0.0,30.7692,3.027,0.2308,3,10,false,0.0769,0.0,0.0,false,1,2,1052.1,526.05,9923.81,13,13,763.37
CUST_000226,19,25.0,false,0.0,8.3333,58.3333,2.6887,0.0,0,12,false,0.1667,0.0,0.0,false,1,3,1692.2,564.07,10154.29,12,12,846.19
CUST_000760,16,21.4286,false,7.1429,14.2857,7.1429,3.3249,0.0,0,14,false,0.2143,0.0,0.0,false,1,3,4456.83,1538.09,27231.66,14,14,1945.12
CUST_000615,16,22.2222,false,11.1111,0.0,11.1111,2.9477,0.0,0,9,false,0.1111,0.0,0.0,false,1,1,26.67,867.67,8141.52,9,9,904.61
CUST_000099,11,14.2857,false,14.2857,14.2857,7.1429,3.5216,0.0714,1,13,false,0.1429,0.0,0.0,false,1,1,1051.06,11896.11,108984.87,14,14,7784.63
CUST_000628,17,18.1818,false,0.0,0.0,27.2727,2.7322,0.1818,2,9,false,0.0,0.0,0.0,false,1,1,1222.56,620.24,17656.98,11,11,1605.18
CUST_000160,11,30.7692,false,7.6923,15.3846,15.3846,2.6235,0.0769,1,12,false,0.1538,0.0769,0.0,false,1,3,5285.63,1023.84,13570.68,13,13,1043.9
CUST_000433,19,16.6667,false,0.0,0.0,16.6667,2.585,0.0,0,6,false,0.1667,0.1667,0.0,false,1,1,680.2,680.2,8697.88,6,6,1449.65
CUST_000285,13,14.2857,false,28.5714,14.2857,14.2857,2.8074,0.1429,1,6,false,0.0,0.0,0.0,false,1,1,1467.21,1067.77,4702.66,7,7,671.81
CUST_000831,9,33.3333,false,33.3333,0.0,16.6667,1.9183,0.0,0,6,false,0.3333,0.0,0.0,false,2,2,551.75,275.88,3674.06,6,6,612.34
CUST_000356,18,16.6667,false,0.0,8.3333,33.3333,2.9183,0.1667,2,10,false,0.1667,0.0833,0.0,false,1,2,1392.1,1073.82,14609.14,12,12,1217.43
CUST_000707,10,18.1818,false,9.0909,18.1818,18.1818,2.914,0.2727,3,8,false,0.1818,0.0,0.0,false,1,2,5990.72,1782.09,63074.37,11,11,5734.03
CUST_000491,10,16.6667,false,8.3333,8.3333,25.0,2.9183,0.0,0,12,false,0.0,0.0,0.0,false,1,1,5890.24,3652.46,23393.82,12,12,1949.48
CUST_000255,18,10.0,false,0.0,10.0,20.0,3.3219,0.1,1,9,false,0.0,0.0,0.0,false,1,1,1787.02,811.34,25418.5,10,10,2541.85
CUST_000358,18,16.6667,false,16.6667,0.0,50.0,2.585,0.0,0,6,false,0.1667,0.1667,0.0,false,1,1,2599.86,1481.4,20360.63,6,6,3393.44
CUST_000418,12,14.2857,false,7.1429,21.4286,28.5714,3.3788,0.2857,4,10,false,0.0714,0.0,0.0,false,1,1,77.3,269.41,10880.94,14,14,777.21
CUST_000290,18,28.5714,false,14.2857,7.1429,50.0,2.8074,0.0,0,14,false,0.1429,0.0714,0.0,false,1,2,1177.67,361.91,19660.18,14,14,1404.3
CUST_000161,18,20.0,false,20.0,0.0,30.0,3.1219,0.1,1,9,false,0.3,0.1,0.0,false,1,2,1748.97,520.32,18121.83,10,10,1812.18
CUST_000808,16,28.5714,false,7.1429,14.2857,14.2857,3.0931,0.2857,4,10,false,0.0714,0.0714,0.0,false,1,1,467.9,1036.41,73316.52,14,14,5236.89
CUST_000490,13,33.3333,false,0.0,50.0,16.6667,2.2516,0.0,0,6,false,0.1667,0.1667,0.0,false,1,1,335.69,335.69,3107.23,6,6,517.87
CUST_000744,19,15.3846,false,7.6923,7.6923,30.7692,3.2389,0.0,0,13,false,0.1538,0.0,0.0,false,1,2,894.81,447.41,9582.98,13,13,737.15
CUST_000928,17,22.2222,false,0.0,33.3333,44.4444,2.5033,0.2222,2,7,false,0.1111,0.0,0.0,false,1,1,426.11,1092.14,6927.71,9,9,769.75
CUST_000601,17,20.0,false,0.0,10.0,50.0,2.7219,0.0,0,10,false,0.1,0.0,0.0,false,1,1,142.19,296.12,10725.93,10,10,1072.59
CUST_000073,9,20.0,false,10.0,30.0,10.0,2.7219,0.0,0,10,false,0.2,0.0,0.0,false,1,2,4416.68,1706.56,10534.34,10,10,1053.43
CUST_000513,9,42.8571,false,0.0,0.0,0.0,1.8424,0.1429,1,6,false,0.1429,0.1429,0.0,false,1,1,1415.28,3352.37,8625.81,7,7,1232.26
CUST_000107,17,27.2727,false,0.0,9.0909,36.3636,2.8454,0.0,0,11,false,0.1818,0.0909,0.0,false,1,2,4455.4,1660.85,65587.38,11,11,5962.49
CUST_000768,11,21.4286,false,35.7143,0.0,21.4286,3.182,0.0714,1,13,false,0.2857,0.1429,0.0,false,1,3,730.38,271.82,9124.98,14,14,651.78
CUST_000619,17,25.0,false,12.5,0.0,62.5,2.5,0.25,2,6,false,0.0,0.0,0.0,false,1,2,1016.96,720.11,5983.92,8,8,747.99
CUST_000028,10,33.3333,false,0.0,0.0,33.3333,1.585,0.0,0,6,false,0.1667,0.1667,0.0,false,1,1,330.81,247.32,10079.37,6,6,1679.89
CUST_000971,21,16.6667,false,16.6667,16.6667,16.6667,2.585,0.1667,1,5,false,0.0,0.0,0.0,false,1,1,1043.23,386.45,9337.64,6,6,1556.27
CUST_000751,14,27.2727,false,9.0909,0.0,9.0909,2.8454,0.0,0,11,false,0.0909,0.0,0.0,false,1,1,962.09,2548.02,20826.74,11,11,1893.34
CUST_000914,19,33.3333,false,0.0,0.0,50.0,2.2516,0.0,0,6,false,0.0,0.0,0.0,false,1,1,3576.66,3794.49,16883.44,6,6,2813.91
CUST_000514,8,25.0,false,25.0,0.0,0.0,2.0,0.0,0,4,false,0.25,0.0,0.0,false,1,1,213.83,213.83,2693.58,4,4,673.39
CUST_000384,12,22.2222,false,0.0,22.2222,22.2222,2.9477,0.0,0,9,false,0.3333,0.2222,0.0,false,2,3,5452.81,1681.77,23128.3,9,9,2569.81
CUST_000777,14,22.2222,false,0.0,11.1111,33.3333,2.7255,0.0,0,9,false,0.0,0.0,0.0,false,1,1,676.51,676.51,60753.56,9,9,6750.4
CUST_000319,23,27.2727,false,9.0909,18.1818,0.0,2.4817,0.2727,3,8,false,0.1818,0.0909,0.0,false,1,2,511.64,1674.23,23930.1,11,11,2175.46
CUST_000995,9,16.6667,false,8.3333,0.0,16.6667,3.085,0.0833,1,11,false,0.0833,0.0833,0.0,false,1,1,372.66,619.48,9201.9,12,12,766.82
CUST_000009,10,25.0,false,0.0,25.0,25.0,2.75,0.125,1,7,false,0.125,0.0,0.0,false,1,1,853.77,1882.3,9550.54,8,8,1193.82
CUST_000894,16,14.2857,false,14.2857,14.2857,14.2857,2.8074,0.1429,1,6,false,0.0,0.0,0.0,false,1,1,4758.28,3083.28,9358.61,7,7,1336.94
CUST_000225,19,15.3846,false,0.0,15.3846,15.3846,3.2389,0.0769,1,12,false,0.1538,0.0,0.0,false,1,1,2519.35,1285.99,13625.72,13,13,1048.13
CUST_000923,9,11.7647,false,11.7647,17.6471,11.7647,3.7345,0.1176,2,15,false,0.0588,0.0,0.0,false,1,1,13827.72,7957.77,177139.26,17,17,10419.96
CUST_000205,11,25.0,false,0.0,0.0,12.5,2.75,0.0,0,8,false,0.0,0.0,0.0,false,1,2,11268.5,3094.47,16165.14,8,8,2020.64
CUST_000329,10,30.0,false,10.0,20.0,30.0,2.6464,0.1,1,9,false,0.1,0.1,0.0,false,1,2,6062.12,2083.82,15154.95,10,10,1515.49
CUST_000819,13,14.2857,false,14.2857,14.2857,14.2857,2.8074,0.1429,1,6,false,0.1429,0.0,0.0,false,1,1,532.03,532.03,5275.12,7,7,753.59
CUST_000652,16,27.2727,false,9.0909,18.1818,18.1818,2.8454,0.0909,1,10,false,0.1818,0.0,0.0,false,1,3,13258.66,4090.74,78706.62,11,11,7155.15
CUST_000148,12,23.0769,false,0.0,38.4615,15.3846,2.8731,0.0769,1,12,false,0.0769,0.0,0.0,false,1,2,4304.89,1476.81,17503.68,13,13,1346.44
CUST_000133,8,20.0,false,20.0,0.0,20.0,3.1219,0.1,1,9,false,0.1,0.1,0.0,false,1,1,626.38,769.85,8679.51,10,10,867.95
CUST_000470,11,18.1818,false,9.0909,27.2727,9.0909,3.0958,0.0909,1,10,false,0.1818,0.0909,0.0,false,1,1,5892.75,3411.0,74734.75,11,11,6794.07
CUST_000595,11,20.0,false,0.0,0.0,40.0,2.3219,0.0,0,5,false,0.2,0.0,0.0,false,1,1,1452.78,733.96,3134.06,5,5,626.81
CUST_000523,10,26.6667,false,6.6667,6.6667,20.0,3.2402,0.2,3,12,false,0.0,0.0,0.0,false,1,2,262.94,594.33,33875.43,15,15,2258.36
CUST_000712,12,16.6667,false,8.3333,25.0,16.6667,3.4183,0.1667,2,10,false,0.0833,0.0833,0.0,false,1,2,2233.49,888.35,15353.84,12,12,1279.49
CUST_000147,20,20.0,false,10.0,30.0,0.0,2.5219,0.1,1,9,false,0.4,0.1,0.0,false,1,2,3254.65,1382.36,16605.25,10,10,1660.53
CUST_000102,10,25.0,false,25.0,12.5,25.0,2.75,0.125,1,7,false,0.0,0.0,0.0,false,1,1,425.58,1602.54,9608.02,8,8,1201.0
CUST_000522,18,28.5714,false,14.2857,14.2857,28.5714,2.5216,0.4286,3,4,false,0.0,0.0,0.0,false,1,1,701.78,1043.5,7296.51,7,7,1042.36
CUST_000427,21,14.2857,false,14.2857,14.2857,14.2857,3.3788,0.1429,2,12,false,0.1429,0.0714,0.0,false,1,1,546.11,1384.79,34173.54,14,14,2440.97
CUST_000925,11,22.2222,false,22.2222,11.1111,0.0,2.7255,0.3333,3,6,false,0.1111,0.0,0.0,false,1,1,314.46,1155.01,13472.69,9,9,1496.97
CUST_000063,20,12.5,false,12.5,0.0,12.5,3.5,0.0625,1,15,false,0.125,0.0,0.0,false,1,3,3841.98,815.71,20197.6,16,16,1262.35
CUST_000770,13,25.0,false,25.0,25.0,0.0,2.75,0.0,0,8,false,0.0,0.0,0.0,false,1,1,159.15,788.58,11671.17,8,8,1458.9
CUST_000105,19,33.3333,false,8.3333,8.3333,33.3333,2.7516,0.25,3,9,false,0.1667,0.0833,0.0,false,1,2,3484.97,1783.37,22362.1,12,12,1863.51
CUST_000011,10,30.0,false,20.0,10.0,30.0,2.6464,0.2,2,8,false,0.3,0.2,0.0,false,1,3,2418.78,1079.57,8777.7,10,10,877.77
CUST_000334,10,25.0,false,12.5,12.5,25.0,2.5,0.25,2,6,false,0.125,0.125,0.0,false,1,1,835.55,835.55,8088.36,8,8,1011.05
CUST_000988,16,15.3846,false,0.0,7.6923,15.3846,3.2389,0.1538,2,11,false,0.0,0.0,0.0,false,1,2,1486.71,943.47,15773.97,13,13,1213.38
CUST_000367,19,20.0,false,20.0,20.0,20.0,2.3219,0.2,1,4,false,0.2,0.0,0.0,false,1,1,1149.71,653.91,5216.57,5,5,1043.31
CUST_000773,23,21.4286,false,0.0,7.1429,35.7143,2.8963,0.0714,1,13,false,0.0714,0.0,0.0,false,1,1,344.76,452.69,15961.16,14,14,1140.08
CUST_000519,18,16.6667,false,0.0,16.6667,25.0,3.2516,0.0833,1,11,false,0.1667,0.0,0.0,false,1,2,3390.85,3895.52,92163.44,12,12,7680.29
CUST_000989,19,20.0,false,10.0,0.0,30.0,2.9219,0.0,0,10,false,0.1,0.0,0.0,false,1,1,510.33,8492.32,44097.7,10,10,4409.77
CUST_000956,17,33.3333,false,0.0,0.0,66.6667,1.585,0.0,0,3,false,0.0,0.0,0.0,false,1,2,2212.29,1106.14,5635.03,3,3,1878.34
CUST_000868,23,18.1818,false,18.1818,18.1818,18.1818,3.0958,0.1818,2,9,false,0.0909,0.0909,0.0,false,1,2,848.29,401.51,15214.62,11,11,1383.15
CUST_000087,9,20.0,false,0.0,10.0,20.0,3.1219,0.2,2,8,false,0.2,0.0,0.0,false,1,2,1270.89,718.91,6233.54,10,10,623.35
CUST_000677,13,22.2222,false,11.1111,33.3333,11.1111,2.9477,0.1111,1,8,false,0.2222,0.0,0.0,false,1,2,1053.79,916.94,9810.13,9,9,1090.01
CUST_000554,14,20.0,false,0.0,10.0,30.0,2.7219,0.2,2,8,false,0.0,0.0,0.0,false,1,1,529.59,1034.56,7300.63,10,10,730.06
CUST_000859,23,25.0,false,0.0,8.3333,0.0,3.0221,0.25,3,9,false,0.1667,0.0833,0.0,false,1,2,1457.28,530.43,10808.61,12,12,900.72
CUST_000508,9,30.7692,false,0.0,0.0,15.3846,2.9312,0.1538,2,11,false,0.2308,0.0,0.0,false,1,3,2734.7,976.32,30574.92,13,13,2351.92
CUST_000528,17,28.5714,false,0.0,0.0,42.8571,2.2359,0.1429,1,6,false,0.0,0.0,0.0,false,1,1,32.87,145.84,1247.5,7,7,178.21
CUST_000939,14,13.3333,false,0.0,13.3333,20.0,3.5069,0.0667,1,14,false,0.2667,0.1333,0.0,false,1,3,3311.33,810.08,28310.97,15,15,1887.4
CUST_000331,20,18.1818,false,0.0,9.0909,27.2727,3.0958,0.2727,3,8,false,0.0,0.0,0.0,false,1,1,1699.05,851.17,14149.88,11,11,1286.35
CUST_000488,16,33.3333,false,16.6667,16.6667,16.6667,2.2516,0.1667,1,5,false,0.0,0.0,0.0,false,1,1,898.76,1225.97,5755.35,6,6,959.23
CUST_000311,18,22.2222,false,11.1111,0.0,33.3333,2.7255,0.1111,1,8,false,0.2222,0.1111,0.0,false,1,2,309.98,3024.98,20330.76,9,9,2258.97
CUST_000149,17,20.0,false,10.0,20.0,30.0,2.7219,0.1,1,9,false,0.3,0.1,0.0,false,1,3,2025.14,675.05,5284.21,10,10,528.42
CUST_000318,18,30.0,false,10.0,10.0,30.0,2.4464,0.1,1,9,false,0.0,0.0,0.0,false,1,2,1548.41,937.1,6997.62,10,10,699.76
CUST_000382,7,25.0,false,25.0,25.0,0.0,2.0,0.25,1,3,false,0.25,0.0,0.0,false,1,1,567.41,567.41,24784.71,4,4,6196.18
CUST_000126,17,13.3333,false,6.6667,0.0,40.0,3.3736,0.0,0,15,false,0.2,0.0667,0.0,false,1,2,2153.6,675.35,12788.26,15,15,852.55
CUST_000789,15,33.3333,false,33.3333,0.0,0.0,1.585,0.0,0,3,false,0.0,0.0,0.0,false,1,2,2015.73,1007.87,2869.95,3,3,956.65
CUST_000529,15,15.3846,false,7.6923,0.0,15.3846,3.0851,0.0769,1,12,false,0.0769,0.0,0.0,false,1,1,1008.33,723.01,25358.51,13,13,1950.65
CUST_000374,16,13.3333,false,6.6667,13.3333,13.3333,3.5069,0.0667,1,14,false,0.2667,0.0,0.0,false,1,4,2342.29,796.61,19201.03,15,15,1280.07
CUST_000975,11,38.4615,false,7.6923,0.0,23.0769,2.4416,0.0,0,13,false,0.0769,0.0,0.0,false,1,1,284.56,284.56,116840.39,13,13,8987.72
CUST_000951,14,18.1818,false,9.0909,9.0909,27.2727,3.0958,0.0909,1,10,false,0.1818,0.0909,0.0,false,1,3,2555.59,642.16,11431.82,11,11,1039.26
CUST_000655,14,14.2857,false,14.2857,21.4286,14.2857,3.3788,0.0,0,14,false,0.0714,0.0,0.0,false,1,1,97.69,934.9,12472.64,14,14,890.9
CUST_000552,11,25.0,false,0.0,0.0,25.0,2.0,0.0,0,4,false,0.0,0.0,0.0,false,1,1,4281.64,2240.5,5516.33,4,4,1379.08
CUST_000826,11,22.2222,false,0.0,11.1111,11.1111,2.9477,0.2222,2,7,false,0.2222,0.1111,0.0,false,1,2,9005.72,2110.5,12892.14,9,9,1432.46
CUST_000134,17,27.2727,false,18.1818,0.0,27.2727,2.8454,0.0909,1,10,false,0.1818,0.0,0.0,false,1,2,1896.3,1447.32,15341.46,11,11,1394.68
CUST_000884,13,22.2222,false,11.1111,33.3333,11.1111,2.9477,0.1111,1,8,false,0.0,0.0,0.0,false,1,2,72.88,2638.63,68553.78,9,9,7617.09
CUST_000693,19,22.2222,false,11.1111,22.2222,44.4444,2.7255,0.2222,2,7,false,0.1111,0.0,0.0,false,1,1,312.79,983.58,8690.22,9,9,965.58
CUST_000969,9,25.0,false,12.5,12.5,25.0,2.5,0.125,1,7,false,0.25,0.25,0.0,false,1,2,2367.35,857.77,5807.54,8,8,725.94
CUST_000136,15,20.0,false,0.0,20.0,20.0,2.9219,0.4,4,6,false,0.2,0.1,0.0,false,1,2,2338.19,1654.13,10567.02,10,10,1056.7
CUST_000834,13,16.6667,false,8.3333,25.0,25.0,3.085,0.0,0,12,false,0.0,0.0,0.0,false,1,1,480.59,972.65,10041.38,12,12,836.78
CUST_000970,20,16.6667,false,16.6667,16.6667,8.3333,3.085,0.0833,1,11,false,0.0833,0.0833,0.0,false,1,3,34606.41,7065.64,44201.73,12,12,3683.48
CUST_000796,11,25.0,false,25.0,0.0,25.0,2.0,0.0,0,4,false,0.25,0.25,0.0,false,1,1,1982.29,1982.29,3852.74,4,4,963.18
CUST_000785,10,30.0,false,0.0,10.0,30.0,2.6464,0.1,1,9,false,0.2,0.1,0.0,false,1,2,875.02,361.1,6332.77,10,10,633.28
CUST_000498,16,29.4118,false,0.0,17.6471,11.7647,3.0072,0.2941,5,12,false,0.0588,0.0,0.0,false,1,1,650.02,760.45,24988.45,17,17,1469.91
CUST_000376,13,22.2222,false,11.1111,33.3333,11.1111,2.9477,0.2222,2,7,false,0.0,0.0,0.0,false,1,1,1354.9,505.67,9756.99,9,9,1084.11
CUST_000332,9,16.6667,false,5.5556,5.5556,16.6667,3.1552,0.1667,3,15,false,0.0,0.0,0.0,false,1,2,585.39,2211.47,26682.96,18,18,1482.39
CUST_000152,12,25.0,false,0.0,37.5,12.5,2.75,0.125,1,7,false,0.125,0.125,0.0,false,1,1,11.67,11.67,14268.56,8,8,1783.57
CUST_000546,18,12.5,false,6.25,12.5,18.75,3.375,0.0,0,16,false,0.375,0.1875,0.0,false,1,6,7575.84,1024.91,18817.6,16,16,1176.1
CUST_000055,20,12.5,false,12.5,0.0,0.0,3.0,0.375,3,5,false,0.125,0.0,0.0,false,1,1,475.89,1804.18,12941.51,8,8,1617.69
CUST_000549,13,22.2222,false,11.1111,22.2222,22.2222,2.9477,0.0,0,9,false,0.0,0.0,0.0,false,1,1,4137.77,2388.09,27816.34,9,9,3090.7
CUST_000618,11,29.4118,false,5.8824,0.0,17.6471,2.934,0.2353,4,13,false,0.0588,0.0,0.0,false,1,1,193.28,193.28,28156.95,17,17,1656.29
CUST_000251,18,30.0,false,10.0,10.0,50.0,2.8464,0.0,0,10,false,0.4,0.0,0.0,false,1,3,5015.27,1366.98,9161.31,10,10,916.13
CUST_000792,17,25.0,false,0.0,12.5,50.0,2.75,0.25,2,6,false,0.0,0.0,0.0,false,1,1,3490.47,2022.5,10077.09,8,8,1259.64
CUST_000347,13,25.0,false,12.5,25.0,25.0,2.75,0.125,1,7,false,0.0,0.0,0.0,false,1,1,1015.19,670.3,7294.22,8,8,911.78
CUST_000521,14,22.2222,false,11.1111,0.0,11.1111,2.7255,0.1111,1,8,false,0.1111,0.1111,0.0,false,1,1,23233.6,9053.03,60233.01,9,9,6692.56
CUST_000191,15,15.3846,false,15.3846,15.3846,0.0,3.2389,0.0,0,13,false,0.3846,0.2308,0.0,false,1,4,13119.39,6796.09,75393.73,13,13,5799.52
CUST_000779,15,28.5714,false,0.0,0.0,28.5714,2.5216,0.1429,1,6,false,0.1429,0.1429,0.0,false,1,1,1963.09,1498.02,7560.42,7,7,1080.06
CUST_000175,14,13.3333,false,6.6667,13.3333,26.6667,3.5069,0.1333,2,13,false,0.1333,0.0,0.0,false,1,2,788.45,984.18,30429.47,15,15,2028.63
CUST_000740,6,20.0,false,20.0,10.0,20.0,3.1219,0.2,2,8,false,0.1,0.0,0.0,false,1,1,191.54,630.12,5410.43,10,10,541.04
CUST_000169,17,18.1818,false,0.0,18.1818,36.3636,3.0958,0.0909,1,10,false,0.1818,0.0,0.0,false,1,2,1606.02,645.98,9885.94,11,11,898.72
CUST_000198,12,18.1818,false,9.0909,18.1818,36.3636,3.0958,0.1818,2,9,false,0.2727,0.0909,0.0,false,1,2,2891.67,767.65,14369.83,11,11,1306.35
CUST_000544,10,25.0,false,16.6667,16.6667,8.3333,2.8554,0.25,3,9,false,0.0,0.0,0.0,false,1,1,883.84,1339.86,12243.06,12,12,1020.25
CUST_000992,16,20.0,false,0.0,26.6667,26.6667,3.1396,0.0667,1,14,false,0.2667,0.0667,0.0,false,1,2,3766.58,966.35,17297.87,15,15,1153.19
CUST_000481,19,37.5,false,0.0,0.0,50.0,2.4056,0.375,3,5,false,0.25,0.0,0.0,false,1,2,506.59,3703.25,25807.11,8,8,3225.89
CUST_000869,15,18.1818,false,27.2727,0.0,9.0909,3.0958,0.0,0,11,false,0.1818,0.0909,0.0,false,1,2,1943.21,686.66,8178.35,11,11,743.49
CUST_000320,16,20.0,false,0.0,0.0,20.0,2.3219,0.2,1,4,false,0.2,0.2,0.0,false,1,1,5545.49,5545.49,7078.3,5,5,1415.66
CUST_000458,8,15.3846,false,30.7692,7.6923,7.6923,3.3927,0.1538,2,11,false,0.3077,0.0769,0.0,false,1,2,40562.5,11669.91,88844.44,13,13,6834.19
CUST_000959,16,33.3333,false,33.3333,0.0,0.0,1.585,0.0,0,3,false,0.3333,0.3333,0.0,false,1,1,290.18,290.18,4035.39,3,3,1345.13
CUST_000849,12,33.3333,false,33.3333,33.3333,0.0,1.585,0.0,0,3,false,0.0,0.0,0.0,false,1,2,2665.26,1332.63,4045.25,3,3,1348.42
CUST_000780,19,16.6667,false,8.3333,8.3333,33.3333,2.9183,0.0833,1,11,false,0.0,0.0,0.0,false,1,1,1489.05,1052.68,15749.24,12,12,1312.44
CUST_000478,20,25.0,false,12.5,0.0,12.5,2.75,0.125,1,7,false,0.0,0.0,0.0,false,1,1,506.33,449.8,2739.5,8,8,342.44
CUST_000629,10,20.0,false,10.0,0.0,30.0,3.1219,0.1,1,9,false,0.3,0.2,0.0,false,1,1,6047.44,2583.49,20110.44,10,10,2011.04
CUST_000872,18,14.2857,false,0.0,14.2857,14.2857,2.8074,0.2857,2,5,false,0.1429,0.0,0.0,false,1,1,1348.26,1488.47,8463.63,7,7,1209.09
CUST_000996,14,18.1818,false,9.0909,0.0,18.1818,3.0958,0.0909,1,10,false,0.1818,0.0909,0.0,false,1,2,1388.92,1389.97,14887.92,11,11,1353.45
CUST_000045,10,20.0,false,13.3333,6.6667,20.0,3.1899,0.0,0,15,false,0.2,0.0667,0.0,false,1,3,8289.12,2767.66,35945.57,15,15,2396.37
CUST_000203,20,25.0,false,0.0,12.5,12.5,2.5,0.125,1,7,false,0.375,0.0,0.0,false,1,2,920.34,819.82,13802.21,8,8,1725.28
CUST_000684,19,25.0,false,8.3333,16.6667,25.0,2.6258,0.1667,2,10,false,0.0,0.0,0.0,false,1,1,10266.8,4118.0,25894.09,12,12,2157.84
CUST_000833,16,33.3333,false,0.0,22.2222,0.0,2.4194,0.1111,1,8,false,0.1111,0.1111,0.0,false,1,1,2165.04,2053.55,29292.55,9,9,3254.73
CUST_000857,16,37.5,false,12.5,12.5,37.5,2.1556,0.125,1,7,false,0.125,0.0,0.0,false,1,1,54.81,320.68,3413.3,8,8,426.66
CUST_000043,21,33.3333,false,0.0,0.0,33.3333,1.585,0.0,0,3,false,0.3333,0.0,0.0,false,1,1,5004.96,7267.47,18042.54,3,3,6014.18
CUST_000637,9,25.0,false,12.5,0.0,12.5,2.75,0.125,1,7,false,0.25,0.25,0.0,false,1,2,8217.56,3227.89,26254.71,8,8,3281.84
CUST_000672,12,25.0,false,0.0,25.0,16.6667,2.8554,0.0833,1,11,false,0.0833,0.0,0.0,false,1,1,663.77,770.64,8251.27,12,12,687.61
CUST_000903,16,18.1818,false,0.0,9.0909,36.3636,3.0958,0.1818,2,9,false,0.0909,0.0909,0.0,false,1,1,289.56,254.45,9753.7,11,11,886.7
CUST_000853,10,25.0,false,12.5,12.5,12.5,2.75,0.0,0,8,false,0.25,0.0,0.0,false,1,2,1028.25,375.99,9603.92,8,8,1200.49
CUST_000952,15,33.3333,false,11.1111,0.0,22.2222,2.6416,0.1111,1,8,false,0.2222,0.0,0.0,false,1,1,421.64,518.0,9139.63,9,9,1015.51
CUST_000238,23,12.5,false,12.5,25.0,0.0,3.0,0.375,3,5,false,0.25,0.125,0.0,false,1,1,1292.63,615.19,5962.43,8,8,745.3
CUST_000719,11,33.3333,false,16.6667,0.0,16.6667,2.2516,0.0,0,6,false,0.5,0.0,0.0,false,1,3,484.93,282.88,1657.57,6,6,276.26
CUST_000132,16,42.8571,false,0.0,0.0,0.0,1.8424,0.0,0,7,false,0.0,0.0,0.0,false,1,1,438.48,586.47,7632.97,7,7,1090.42
CUST_000324,19,33.3333,false,0.0,11.1111,33.3333,2.1972,0.1111,1,8,false,0.2222,0.1111,0.0,false,1,2,8241.0,2882.78,13063.9,9,9,1451.54
CUST_000516,22,16.6667,false,8.3333,16.6667,25.0,3.085,0.0833,1,11,false,0.1667,0.0833,0.0,false,1,2,5789.0,2843.93,21045.55,12,12,1753.8
CUST_000279,19,22.2222,false,0.0,11.1111,33.3333,2.7255,0.1111,1,8,false,0.0,0.0,0.0,false,1,1,3437.47,1721.04,12406.54,9,9,1378.5
CUST_000825,11,20.0,false,0.0,20.0,0.0,2.7219,0.1,1,9,false,0.1,0.1,0.0,false,1,1,15355.11,8519.95,70262.56,10,10,7026.26
CUST_000584,16,25.0,false,0.0,0.0,0.0,2.0,0.0,0,4,false,0.0,0.0,0.0,false,1,1,24.14,24.14,2856.96,4,4,714.24
CUST_000946,13,37.5,false,12.5,37.5,0.0,2.4056,0.0,0,8,false,0.25,0.125,0.0,false,1,2,647.88,331.81,10749.28,8,8,1343.66
CUST_000431,13,50.0,false,0.0,100.0,0.0,1.0,0.0,0,2,false,0.5,0.0,0.0,false,1,1,362.42,362.42,494.12,2,2,247.06
CUST_000314,16,16.6667,false,11.1111,5.5556,33.3333,3.1972,0.1111,2,16,false,0.1111,0.0,0.0,false,1,2,435.86,1110.21,22338.58,18,18,1241.03
CUST_000336,23,9.0909,false,27.2727,9.0909,18.1818,3.4594,0.1818,2,9,false,0.1818,0.0,0.0,false,1,1,2518.43,1084.49,20018.16,11,11,1819.83
CUST_000883,18,20.0,false,0.0,10.0,20.0,2.9219,0.0,0,10,false,0.2,0.0,0.0,false,1,2,11788.85,4340.1,41889.71,10,10,4188.97
CUST_000135,13,16.6667,false,0.0,16.6667,0.0,2.585,0.3333,2,4,false,0.0,0.0,0.0,false,1,1,174.72,2683.07,9567.4,6,6,1594.57
CUST_000892,20,16.6667,false,0.0,16.6667,0.0,3.085,0.0,0,12,false,0.25,0.0833,0.0,false,2,3,4962.07,1654.02,18419.72,12,12,1534.98
CUST_000283,16,30.0,false,10.0,0.0,10.0,2.6464,0.1,1,9,false,0.0,0.0,0.0,false,1,2,855.04,1104.09,12235.79,10,10,1223.58
CUST_000505,22,27.2727,false,0.0,9.0909,27.2727,2.8454,0.0,0,11,false,0.0,0.0,0.0,false,1,1,1577.46,1958.3,15182.41,11,11,1380.22
CUST_000692,11,27.2727,false,0.0,27.2727,18.1818,2.6635,0.0,0,11,false,0.0909,0.0909,0.0,false,1,1,1454.88,848.63,57683.62,11,11,5243.97
CUST_000108,20,25.0,false,0.0,25.0,0.0,2.25,0.0,0,8,false,0.125,0.0,0.0,false,1,2,20656.0,7146.8,51007.03,8,8,6375.88
CUST_000150,13,23.0769,false,7.6923,23.0769,7.6923,2.8151,0.0769,1,12,false,0.1538,0.0769,0.0,false,1,1,10021.0,3813.07,93368.74,13,13,7182.21
CUST_000355,13,18.75,false,0.0,25.0,18.75,3.3278,0.1875,3,13,false,0.0625,0.0,0.0,false,1,2,4031.43,932.51,16170.69,16,16,1010.67
CUST_000035,11,16.6667,false,0.0,16.6667,8.3333,3.085,0.0833,1,11,false,0.0,0.0,0.0,false,1,3,26333.46,5589.84,44919.4,12,12,3743.28
CUST_000550,15,27.2727,false,0.0,18.1818,36.3636,2.5949,0.0,0,11,false,0.3636,0.0909,0.0,false,1,3,3441.25,975.31,13508.63,11,11,1228.06
CUST_000123,14,20.0,false,20.0,10.0,20.0,3.1219,0.1,1,9,false,0.2,0.1,0.0,false,1,2,1485.73,978.76,11209.19,10,10,1120.92
CUST_000674,19,28.5714,false,14.2857,14.2857,42.8571,2.5216,0.1429,1,6,false,0.0,0.0,0.0,false,1,4,4809.0,2353.47,14413.25,7,7,2059.04
CUST_000054,12,22.2222,false,0.0,22.2222,0.0,2.7255,0.1111,1,8,false,0.1111,0.0,0.0,false,1,2,368.8,184.4,10816.9,9,9,1201.88
CUST_000938,11,13.3333,false,13.3333,6.6667,13.3333,3.5069,0.0667,1,14,false,0.2,0.0,0.0,false,1,3,2576.14,1016.36,12552.56,15,15,836.84
CUST_000782,17,20.0,false,0.0,10.0,20.0,2.5219,0.2,2,8,false,0.0,0.0,0.0,false,1,1,1098.81,1953.25,15729.28,10,10,1572.93
CUST_000023,17,25.0,false,12.5,25.0,25.0,2.75,0.0,0,8,false,0.125,0.0,0.0,false,1,1,8241.83,4372.45,12619.65,8,8,1577.46
CUST_000898,7,20.0,false,20.0,10.0,20.0,2.9219,0.0,0,10,false,0.0,0.0,0.0,false,1,1,1017.05,2423.35,32117.65,10,10,3211.76
CUST_000061,9,14.2857,false,7.1429,14.2857,7.1429,3.3788,0.0714,1,13,false,0.2143,0.1429,0.0,false,1,3,4781.39,1374.38,16967.36,14,14,1211.95
CUST_000600,11,18.1818,false,9.0909,0.0,27.2727,3.2776,0.1818,2,9,false,0.0,0.0,0.0,false,1,1,963.12,514.39,8616.64,11,11,783.33
CUST_000244,18,20.0,false,30.0,10.0,30.0,3.1219,0.1,1,9,false,0.1,0.1,0.0,false,1,1,4784.69,3719.12,78398.31,10,10,7839.83
CUST_000702,22,22.2222,false,0.0,22.2222,11.1111,2.9477,0.1111,1,8,false,0.0,0.0,0.0,false,1,4,11413.56,2838.1,22803.23,9,9,2533.69
CUST_000977,19,33.3333,false,11.1111,0.0,44.4444,2.4194,0.0,0,9,false,0.0,0.0,0.0,false,1,1,741.23,325.09,12154.36,9,9,1350.48
CUST_000949,18,20.0,false,20.0,13.3333,33.3333,3.1899,0.0667,1,14,false,0.1333,0.1333,0.0,false,1,2,8764.02,5009.91,27788.75,15,15,1852.58
CUST_000305,14,50.0,false,0.0,12.5,37.5,1.4056,0.25,2,6,false,0.0,0.0,0.0,false,1,1,214.89,541.33,12419.87,8,8,1552.48
CUST_000515,13,16.6667,false,5.5556,22.2222,5.5556,3.2663,0.0556,1,17,false,0.2222,0.1111,0.0,false,1,3,1718.41,4858.82,58545.35,18,18,3252.52
CUST_000900,15,33.3333,false,33.3333,11.1111,0.0,2.4194,0.1111,1,8,false,0.2222,0.1111,0.0,false,1,2,456.42,352.46,4402.0,9,9,489.11
CUST_000403,15,23.0769,false,23.0769,0.0,7.6923,2.5074,0.1538,2,11,false,0.0769,0.0769,0.0,false,1,1,452.1,379.65,12050.41,13,13,926.95
CUST_000941,23,33.3333,false,22.2222,0.0,0.0,2.4194,0.1111,1,8,false,0.0,0.0,0.0,false,1,1,91.41,597.65,6932.75,9,9,770.31
CUST_000377,10,30.0,false,0.0,10.0,20.0,2.8464,0.3,3,7,false,0.0,0.0,0.0,false,1,1,26.2,144.53,10341.32,10,10,1034.13
CUST_000005,10,30.0,false,10.0,0.0,20.0,2.8464,0.2,2,8,false,0.0,0.0,0.0,false,1,1,1876.31,2522.48,17668.95,10,10,1766.89
CUST_000436,16,37.5,false,0.0,12.5,0.0,2.4056,0.0,0,8,false,0.0,0.0,0.0,false,1,1,1626.39,851.49,10344.66,8,8,1293.08
CUST_000500,16,33.3333,false,0.0,0.0,50.0,1.9183,0.0,0,6,false,0.0,0.0,0.0,false,1,2,1182.37,2428.68,9448.64,6,6,1574.77
CUST_000180,14,33.3333,false,0.0,0.0,50.0,1.9183,0.1667,1,5,false,0.0,0.0,0.0,false,1,1,476.82,646.45,10848.53,6,6,1808.09
CUST_000330,14,22.2222,false,0.0,11.1111,11.1111,2.7255,0.2222,2,7,false,0.0,0.0,0.0,false,1,3,1214.49,1332.04,16216.61,9,9,1801.85
CUST_000784,17,13.3333,false,0.0,20.0,26.6667,3.2402,0.3333,5,10,false,0.0667,0.0667,0.0,false,1,1,12756.77,10275.38,129280.87,15,15,8618.72
CUST_000256,16,25.0,false,25.0,0.0,8.3333,2.8554,0.0,0,12,false,0.1667,0.0833,0.0,false,1,2,3290.29,1976.78,20823.2,12,12,1735.27
CUST_000293,18,20.0,false,0.0,10.0,20.0,2.9219,0.2,2,8,false,0.1,0.1,0.0,false,1,1,227.64,653.6,12192.0,10,10,1219.2
CUST_000932,20,18.1818,false,0.0,18.1818,18.1818,3.0958,0.1818,2,9,false,0.2727,0.0,0.0,false,1,3,4440.33,1149.5,9093.75,11,11,826.7
CUST_000665,15,42.8571,false,14.2857,14.2857,0.0,2.1281,0.0,0,7,false,0.0,0.0,0.0,false,1,1,547.81,516.29,11055.7,7,7,1579.39
CUST_000670,9,28.5714,false,0.0,28.5714,28.5714,1.9502,0.0,0,7,false,0.2857,0.1429,0.0,false,1,1,127.96,284.47,5509.36,7,7,787.05
CUST_000032,23,25.0,false,0.0,12.5,12.5,2.75,0.125,1,7,false,0.125,0.125,0.0,false,1,1,312.8,312.8,47904.42,8,8,5988.05
CUST_000292,9,41.1765,false,5.8824,5.8824,17.6471,2.8138,0.1765,3,14,false,0.0588,0.0,0.0,false,1,1,226.56,2626.51,25364.05,17,17,1492.0
CUST_000412,10,25.0,false,0.0,33.3333,0.0,2.4591,0.0833,1,11,false,0.25,0.0,0.0,false,2,3,4293.95,922.19,10690.92,12,12,890.91
CUST_000710,15,14.2857,false,7.1429,14.2857,28.5714,3.0931,0.2857,4,10,false,0.2143,0.0714,0.0,false,1,3,1692.12,2207.49,19987.8,14,14,1427.7
CUST_000464,12,17.6471,false,0.0,17.6471,23.5294,3.3372,0.0588,1,16,false,0.1176,0.0588,0.0,false,1,2,1412.37,1066.38,22148.71,17,17,1302.87
CUST_000172,13,36.3636,false,0.0,36.3636,27.2727,2.2999,0.1818,2,9,false,0.0909,0.0,0.0,false,1,1,2054.61,1595.96,15897.8,11,11,1445.25
CUST_000646,13,33.3333,false,0.0,44.4444,11.1111,2.6416,0.2222,2,7,false,0.0,0.0,0.0,false,1,2,923.05,1695.18,8024.05,9,9,891.56
CUST_000664,17,33.3333,false,0.0,16.6667,33.3333,2.2516,0.0,0,6,false,0.3333,0.1667,0.0,false,1,2,7324.22,2473.16,9698.89,6,6,1616.48
CUST_000119,9,16.6667,false,8.3333,25.0,25.0,3.2516,0.0833,1,11,false,0.1667,0.1667,0.0,false,1,1,2101.86,1816.68,16405.42,12,12,1367.12
CUST_000823,18,18.1818,false,9.0909,27.2727,36.3636,3.0958,0.0909,1,10,false,0.0909,0.0909,0.0,false,1,1,305.38,1512.92,13343.42,11,11,1213.04
CUST_000363,15,37.5,false,0.0,0.0,37.5,2.1556,0.0,0,8,false,0.125,0.0,0.0,false,1,1,3436.57,3436.57,10398.88,8,8,1299.86
CUST_000297,11,16.6667,false,0.0,8.3333,16.6667,3.2516,0.0833,1,11,false,0.0833,0.0,0.0,false,1,1,4042.49,8697.37,96167.17,12,12,8013.93
CUST_000112,16,21.0526,false,21.0526,0.0,31.5789,3.1953,0.2105,4,15,false,0.0,0.0,0.0,false,1,1,1353.45,1353.28,29422.09,19,19,1548.53
CUST_000474,14,11.7647,false,5.8824,11.7647,11.7647,3.4992,0.2941,5,12,false,0.0,0.0,0.0,false,1,1,496.17,1706.11,20359.15,17,17,1197.6
CUST_000813,15,30.0,false,0.0,10.0,0.0,2.4464,0.0,0,10,false,0.0,0.0,0.0,false,1,1,263.39,877.35,11774.25,10,10,1177.42
CUST_000416,10,18.1818,false,9.0909,9.0909,9.0909,3.0958,0.1818,2,9,false,0.0,0.0,0.0,false,1,2,5501.4,6872.28,93784.19,11,11,8525.84
CUST_000671,9,18.1818,false,9.0909,18.1818,27.2727,2.914,0.0909,1,10,false,0.0909,0.0,0.0,false,1,1,803.95,744.34,14886.93,11,11,1353.36
CUST_000027,12,20.0,false,10.0,30.0,20.0,3.1219,0.0,0,10,false,0.3,0.1,0.0,false,1,3,4551.93,940.61,27254.95,10,10,2725.49
CUST_000286,19,16.6667,false,8.3333,16.6667,33.3333,3.2516,0.0833,1,11,false,0.25,0.0,0.0,false,1,2,529.81,423.52,10954.67,12,12,912.89
CUST_000877,16,25.0,false,12.5,25.0,25.0,2.5,0.25,2,6,false,0.0,0.0,0.0,false,1,1,496.93,654.1,6052.64,8,8,756.58
CUST_000541,16,25.0,false,8.3333,16.6667,8.3333,2.8554,0.1667,2,10,false,0.0833,0.0,0.0,false,1,1,648.49,2487.93,28109.28,12,12,2342.44
CUST_000058,9,20.0,false,10.0,30.0,10.0,2.9219,0.0,0,10,false,0.2,0.0,0.0,false,1,2,20442.89,7920.74,45208.43,10,10,4520.84
CUST_000236,11,20.0,false,0.0,10.0,30.0,2.7219,0.0,0,10,false,0.1,0.0,0.0,false,1,1,152.76,834.3,13220.0,10,10,1322.0
CUST_000103,12,28.5714,false,14.2857,28.5714,14.2857,2.5216,0.2857,2,5,false,0.0,0.0,0.0,false,1,2,1242.7,471.68,4861.77,7,7,694.54
CUST_000440,18,25.0,false,6.25,12.5,37.5,3.25,0.0625,1,15,false,0.1875,0.0,0.0,false,1,3,7664.68,3554.18,45290.33,16,16,2830.65
CUST_000687,19,42.8571,false,0.0,14.2857,42.8571,2.1281,0.0,0,7,false,0.1429,0.0,0.0,false,1,2,655.48,404.29,4496.31,7,7,642.33
CUST_000194,23,18.1818,false,9.0909,0.0,36.3636,3.0958,0.1818,2,9,false,0.1818,0.1818,0.0,false,1,2,2094.23,619.02,11512.19,11,11,1046.56
CUST_000295,16,25.0,false,0.0,12.5,12.5,2.75,0.25,2,6,false,0.125,0.0,0.0,false,1,1,4062.21,2398.41,7543.09,8,8,942.89
CUST_000717,20,16.6667,false,0.0,8.3333,16.6667,3.4183,0.0833,1,11,false,0.0833,0.0833,0.0,false,1,1,1181.32,873.03,25134.45,12,12,2094.54
CUST_000411,16,33.3333,false,11.1111,11.1111,11.1111,2.4194,0.0,0,9,false,0.3333,0.1111,0.0,false,1,3,1927.1,642.37,23869.77,9,9,2652.2
CUST_000394,8,18.1818,false,18.1818,18.1818,18.1818,3.0958,0.1818,2,9,false,0.2727,0.0909,0.0,false,1,3,3876.49,1007.19,14606.69,11,11,1327.88
CUST_000761,17,30.0,false,0.0,10.0,30.0,2.4464,0.0,0,10,false,0.1,0.0,0.0,false,1,1,1122.89,1170.84,25077.02,10,10,2507.7
CUST_000096,19,22.2222,false,22.2222,11.1111,44.4444,2.9477,0.2222,2,7,false,0.1111,0.1111,0.0,false,1,1,2710.82,1002.89,6744.99,9,9,749.44
CUST_000174,13,23.5294,false,5.8824,35.2941,11.7647,3.1463,0.0588,1,16,false,0.2353,0.1176,0.0,false,2,3,705.6,1497.08,22407.72,17,17,1318.1
CUST_000000,9,22.2222,false,11.1111,11.1111,11.1111,2.9477,0.3333,3,6,false,0.0,0.0,0.0,false,1,1,7383.68,5227.63,68720.28,9,9,7635.59
CUST_000344,16,18.1818,false,18.1818,9.0909,18.1818,3.2776,0.3636,4,7,false,0.1818,0.0,0.0,false,1,3,4093.9,1630.76,22980.86,11,11,2089.17
CUST_000456,11,42.8571,false,14.2857,0.0,14.2857,2.1281,0.4286,3,4,false,0.1429,0.0,0.0,false,1,1,8498.19,5168.94,35712.36,7,7,5101.77
CUST_000070,19,28.5714,false,0.0,7.1429,42.8571,2.7534,0.1429,2,12,false,0.1429,0.1429,0.0,false,1,3,1577.18,818.55,18434.02,14,14,1316.72
CUST_000142,9,22.2222,false,0.0,0.0,33.3333,2.7255,0.1111,1,8,false,0.1111,0.0,0.0,false,1,1,149.78,2474.14,15166.63,9,9,1685.18
CUST_000838,17,22.2222,false,0.0,0.0,22.2222,2.7255,0.1111,1,8,false,0.2222,0.0,0.0,false,1,2,1502.67,751.34,10671.8,9,9,1185.76
CUST_000074,20,16.6667,false,16.6667,0.0,0.0,2.585,0.1667,1,5,false,0.1667,0.0,0.0,false,1,1,1721.84,2165.43,9284.51,6,6,1547.42
CUST_000911,14,25.0,false,12.5,25.0,0.0,2.75,0.0,0,8,false,0.125,0.0,0.0,false,1,1,1729.85,1729.85,14214.32,8,8,1776.79
CUST_000602,14,25.0,false,16.6667,16.6667,8.3333,2.8554,0.0833,1,11,false,0.0833,0.0,0.0,false,1,1,1512.54,1657.15,11818.44,12,12,984.87
CUST_000079,16,18.75,false,6.25,12.5,12.5,3.2028,0.125,2,14,false,0.25,0.125,0.0,false,1,4,2594.34,1021.89,27214.69,16,16,1700.92
CUST_000585,18,15.3846,false,0.0,30.7692,38.4615,3.0851,0.0769,1,12,false,0.1538,0.0769,0.0,false,1,2,1078.48,645.08,20076.03,13,13,1544.31
CUST_000237,13,16.6667,false,8.3333,33.3333,16.6667,3.2516,0.0833,1,11,false,0.0833,0.0833,0.0,false,1,1,3257.6,13395.46,87735.35,12,12,7311.28
CUST_000886,12,15.3846,false,0.0,23.0769,30.7692,3.0851,0.3077,4,9,false,0.0769,0.0,0.0,false,1,1,731.79,717.54,63794.15,13,13,4907.24
CUST_000034,18,20.0,false,10.0,10.0,30.0,2.7219,0.1,1,9,false,0.1,0.1,0.0,false,1,1,149.59,606.48,10163.11,10,10,1016.31
CUST_000326,15,14.2857,false,14.2857,28.5714,14.2857,2.8074,0.1429,1,6,false,0.0,0.0,0.0,false,1,1,2432.15,1061.54,7504.62,7,7,1072.09
CUST_000741,18,18.1818,false,18.1818,18.1818,36.3636,3.0958,0.0909,1,10,false,0.3636,0.1818,0.0,false,1,4,3164.29,672.93,14068.29,11,11,1278.94
CUST_000209,14,50.0,false,0.0,0.0,16.6667,1.7925,0.3333,2,4,false,0.0,0.0,0.0,false,1,1,1056.49,3832.8,20543.56,6,6,3423.93
CUST_000953,23,20.0,false,0.0,20.0,26.6667,3.3232,0.2,3,12,false,0.0,0.0,0.0,false,1,1,27026.54,11537.93,123493.75,15,15,8232.92
CUST_000605,16,14.2857,false,0.0,14.2857,28.5714,2.8074,0.2857,2,5,false,0.0,0.0,0.0,false,1,1,227.31,1049.54,15063.36,7,7,2151.91
CUST_000438,16,27.2727,false,9.0909,9.0909,18.1818,3.0272,0.0,0,11,false,0.3636,0.0909,0.0,false,2,5,8112.94,1272.42,17306.1,11,11,1573.28
CUST_000982,16,21.4286,false,21.4286,0.0,7.1429,3.0391,0.0,0,14,false,0.2143,0.0714,0.0,false,2,3,16352.56,4566.95,26541.65,14,14,1895.83
CUST_000111,11,16.6667,false,8.3333,0.0,16.6667,3.085,0.0833,1,11,false,0.3333,0.1667,0.0,false,1,4,5942.09,1308.9,11935.09,12,12,994.59
CUST_000217,18,18.1818,false,9.0909,0.0,36.3636,2.7322,0.0909,1,10,false,0.0,0.0,0.0,false,1,1,1165.58,3514.14,49124.85,11,11,4465.9
CUST_000202,9,25.0,false,16.6667,8.3333,25.0,3.0221,0.0,0,12,false,0.0833,0.0833,0.0,false,1,1,397.56,334.07,36098.47,12,12,3008.21
CUST_000899,14,30.0,false,10.0,10.0,20.0,2.6464,0.1,1,9,false,0.0,0.0,0.0,false,1,1,1752.51,11170.1,62867.02,10,10,6286.7
CUST_000443,20,25.0,false,0.0,25.0,12.5,2.75,0.25,2,6,false,0.125,0.0,0.0,false,1,1,553.0,1218.42,10522.89,8,8,1315.36
CUST_000407,22,16.6667,false,8.3333,0.0,16.6667,3.2516,0.1667,2,10,false,0.3333,0.0833,0.0,false,1,3,11253.99,1745.07,15058.51,12,12,1254.88
CUST_000774,17,23.0769,false,7.6923,23.0769,23.0769,2.6612,0.0769,1,12,false,0.1538,0.0,0.0,false,1,2,5599.31,1554.13,18810.17,13,13,1446.94
CUST_000482,14,16.6667,false,0.0,16.6667,16.6667,3.2516,0.0833,1,11,false,0.3333,0.1667,0.0,false,1,4,8469.37,2183.81,19318.04,12,12,1609.84
CUST_000401,17,22.2222,false,11.1111,0.0,55.5556,2.7255,0.0,0,9,false,0.1111,0.0,0.0,false,1,1,882.12,1902.38,31893.21,9,9,3543.69
CUST_000531,9,16.6667,false,8.3333,0.0,16.6667,2.9183,0.0833,1,11,false,0.0,0.0,0.0,false,1,1,5509.3,4289.61,95806.65,12,12,7983.89
CUST_000349,12,20.0,false,10.0,20.0,10.0,2.9219,0.2,2,8,false,0.0,0.0,0.0,false,1,2,4698.72,3610.3,30385.69,10,10,3038.57
CUST_000304,22,12.5,false,6.25,18.75,18.75,3.375,0.0625,1,15,false,0.1875,0.0625,0.0,false,1,3,520.13,555.79,16433.64,16,16,1027.1
CUST_000137,18,40.0,false,0.0,20.0,50.0,2.3219,0.0,0,10,false,0.2,0.1,0.0,false,1,1,560.16,958.13,10547.3,10,10,1054.73
CUST_000302,19,21.4286,false,7.1429,14.2857,42.8571,2.8963,0.0714,1,13,false,0.2143,0.0714,0.0,false,1,2,2636.79,1430.74,25580.76,14,14,1827.2
CUST_000420,22,28.5714,false,0.0,0.0,28.5714,2.5216,0.1429,1,6,false,0.1429,0.0,0.0,false,1,1,4948.22,3253.74,19732.59,7,7,2818.94
CUST_000962,15,25.0,false,0.0,12.5,0.0,2.75,0.0,0,8,false,0.125,0.0,0.0,false,1,3,12643.34,3212.94,16805.9,8,8,2100.74
CUST_000907,11,16.6667,false,8.3333,8.3333,8.3333,3.085,0.0,0,12,false,0.0833,0.0,0.0,false,1,1,1572.08,1662.26,18981.37,12,12,1581.78
CUST_000007,10,20.0,false,0.0,0.0,0.0,2.9219,0.4,4,6,false,0.1,0.0,0.0,false,1,1,2074.15,5566.1,90181.67,10,10,9018.17
CUST_000479,10,37.5,false,0.0,12.5,0.0,2.1556,0.25,2,6,false,0.125,0.0,0.0,false,1,1,3484.69,1819.7,11633.7,8,8,1454.21
CUST_000269,21,40.0,false,0.0,20.0,10.0,2.5219,0.2,2,8,false,0.2,0.1,0.0,false,1,2,1034.85,856.67,40599.97,10,10,4060.0
CUST_000679,10,30.0,false,10.0,20.0,10.0,2.8464,0.1,1,9,false,0.2,0.1,0.0,false,1,2,3385.22,1054.08,10451.65,10,10,1045.16
CUST_000912,11,22.2222,false,11.1111,0.0,22.2222,2.9477,0.1111,1,8,false,0.2222,0.1111,0.0,false,1,2,23498.61,11749.31,57278.49,9,9,6364.28
CUST_000840,9,25.0,false,0.0,0.0,12.5,2.75,0.0,0,8,false,0.0,0.0,0.0,false,1,1,148.16,546.8,6250.78,8,8,781.35
CUST_000533,11,25.0,false,8.3333,0.0,8.3333,2.6887,0.1667,2,10,false,0.0,0.0,0.0,false,1,1,5069.52,4264.93,30544.04,12,12,2545.34
CUST_000196,17,20.0,false,13.3333,13.3333,26.6667,3.4566,0.2667,4,11,false,0.0,0.0,0.0,false,1,2,928.54,3197.92,31700.41,15,15,2113.36
CUST_000301,18,37.5,false,0.0,0.0,50.0,2.1556,0.25,2,6,false,0.0,0.0,0.0,false,1,1,2485.48,1855.89,18093.11,8,8,2261.64
CUST_000085,7,16.6667,false,33.3333,8.3333,16.6667,3.4183,0.0,0,12,false,0.25,0.0833,0.0,false,1,3,1656.9,3304.61,27026.11,12,12,2252.18
CUST_000846,19,23.0769,false,23.0769,7.6923,30.7692,3.1808,0.0769,1,12,false,0.1538,0.0769,0.0,false,1,2,1815.45,796.25,10335.84,13,13,795.06
CUST_000425,17,33.3333,false,11.1111,0.0,33.3333,2.4194,0.0,0,9,false,0.1111,0.0,0.0,false,1,1,296.38,633.14,14586.53,9,9,1620.73
CUST_000625,22,20.0,false,6.6667,13.3333,26.6667,3.4566,0.2,3,12,false,0.1333,0.0667,0.0,false,1,2,1258.83,657.37,8919.21,15,15,594.61
CUST_000018,17,11.7647,false,11.7647,5.8824,29.4118,3.6169,0.0588,1,16,false,0.2353,0.0588,0.0,false,1,2,876.56,511.73,18490.95,17,17,1087.7
CUST_000873,19,20.0,false,10.0,0.0,40.0,3.1219,0.1,1,9,false,0.2,0.1,0.0,false,1,2,2767.25,1107.49,16032.69,10,10,1603.27
CUST_000931,17,18.1818,false,0.0,9.0909,27.2727,2.914,0.0909,1,10,false,0.0909,0.0,0.0,false,1,1,33.54,223.99,10053.3,11,11,913.94
CUST_000484,16,33.3333,false,16.6667,0.0,16.6667,2.2516,0.3333,2,4,false,0.0,0.0,0.0,false,1,1,1136.75,933.54,7441.69,6,6,1240.28
CUST_000576,17,22.2222,false,22.2222,11.1111,22.2222,2.7255,0.0,0,9,false,0.2222,0.1111,0.0,false,1,2,28817.29,10147.71,72078.66,9,9,8008.74
CUST_000791,11,28.5714,false,0.0,14.2857,0.0,2.5216,0.1429,1,6,false,0.0,0.0,0.0,false,1,1,3158.56,10009.17,76199.48,7,7,10885.64
CUST_000048,21,20.0,false,20.0,20.0,20.0,2.3219,0.2,1,4,false,0.2,0.0,0.0,false,1,1,483.04,483.04,4513.24,5,5,902.65
CUST_000214,23,21.4286,false,7.1429,14.2857,14.2857,3.3249,0.2143,3,11,false,0.1429,0.0714,0.0,false,1,2,3037.16,748.68,14230.11,14,14,1016.44
CUST_000718,9,22.2222,false,11.1111,0.0,22.2222,2.9477,0.0,0,9,false,0.1111,0.1111,0.0,false,1,1,1303.51,4059.12,22645.7,9,9,2516.19
CUST_000341,14,16.6667,false,8.3333,16.6667,8.3333,3.2516,0.1667,2,10,false,0.1667,0.0833,0.0,false,1,2,882.18,367.71,8164.22,12,12,680.35
CUST_000461,9,15.3846,false,0.0,15.3846,23.0769,3.2389,0.0769,1,12,false,0.2308,0.0,0.0,false,1,2,5367.46,2846.24,49169.91,13,13,3782.3
CUST_000208,12,30.0,false,0.0,40.0,10.0,2.6464,0.1,1,9,false,0.0,0.0,0.0,false,1,2,3097.01,2532.58,19172.62,10,10,1917.26
CUST_000538,23,44.4444,false,0.0,11.1111,33.3333,2.0588,0.1111,1,8,false,0.2222,0.1111,0.0,false,2,2,223.95,1537.75,13819.26,9,9,1535.47
CUST_000144,17,30.0,false,0.0,30.0,30.0,2.4464,0.1,1,9,false,0.1,0.0,0.0,false,1,1,28085.34,28085.34,55694.67,10,10,5569.47
CUST_000829,17,50.0,false,0.0,0.0,50.0,1.5,0.0,0,4,false,0.0,0.0,0.0,false,1,1,12.58,1798.14,4182.28,4,4,1045.57
CUST_000654,23,20.0,false,0.0,10.0,40.0,2.5219,0.0,0,10,false,0.5,0.1,0.0,false,1,5,12444.89,1873.18,14905.81,10,10,1490.58
CUST_000778,12,16.6667,false,0.0,33.3333,16.6667,2.585,0.0,0,6,false,0.5,0.3333,0.0,false,1,3,3551.69,1183.9,8411.03,6,6,1401.84
CUST_000624,14,33.3333,false,0.0,11.1111,11.1111,2.4194,0.1111,1,8,false,0.2222,0.2222,0.0,false,1,2,1554.44,646.8,9770.66,9,9,1085.63
CUST_000906,21,37.5,false,0.0,0.0,25.0,2.1556,0.125,1,7,false,0.125,0.125,0.0,false,1,1,337.72,273.3,6672.1,8,8,834.01
CUST_000224,17,18.1818,false,9.0909,9.0909,18.1818,2.914,0.0,0,11,false,0.0909,0.0909,0.0,false,1,1,8572.89,4686.28,72601.47,11,11,6600.13
CUST_000163,10,22.2222,false,11.1111,11.1111,11.1111,2.9477,0.1111,1,8,false,0.1111,0.1111,0.0,false,1,1,402.7,1443.49,8737.82,9,9,970.87
CUST_000811,21,33.3333,false,11.1111,0.0,0.0,2.4194,0.4444,4,5,false,0.0,0.0,0.0,false,1,2,469.18,560.47,8150.25,9,9,905.58
CUST_000312,15,33.3333,false,16.6667,0.0,0.0,2.2516,0.0,0,6,false,0.3333,0.1667,0.0,false,1,2,4871.08,1802.45,11525.04,6,6,1920.84
CUST_000640,12,28.5714,false,0.0,42.8571,14.2857,2.2359,0.1429,1,6,false,0.0,0.0,0.0,false,1,1,1337.38,947.74,7423.51,7,7,1060.5
CUST_000364,11,30.7692,false,7.6923,15.3846,7.6923,2.7774,0.1538,2,11,false,0.3077,0.0,0.0,false,1,4,14754.15,3585.17,33251.53,13,13,2557.81
CUST_000647,20,33.3333,false,0.0,0.0,16.6667,2.2516,0.1667,1,5,false,0.1667,0.0,0.0,false,1,1,184.17,1252.32,4933.29,6,6,822.22
CUST_000626,22,18.1818,false,0.0,9.0909,9.0909,2.914,0.1818,2,9,false,0.1818,0.0,0.0,false,1,2,1025.95,512.98,11982.87,11,11,1089.35
CUST_000346,20,16.6667,false,16.6667,0.0,16.6667,2.585,0.3333,2,4,false,0.0,0.0,0.0,false,1,1,1933.66,1501.91,33396.15,6,6,5566.03
CUST_000472,14,22.2222,false,11.1111,0.0,11.1111,2.9477,0.0,0,9,false,0.1111,0.0,0.0,false,1,1,277.76,313.51,13107.22,9,9,1456.36
CUST_000052,16,40.0,false,0.0,0.0,20.0,1.9219,0.2,1,4,false,0.0,0.0,0.0,false,1,1,1307.65,987.37,4397.43,5,5,879.49
CUST_000270,20,28.5714,false,14.2857,14.2857,14.2857,2.5216,0.1429,1,6,false,0.1429,0.1429,0.0,false,1,1,147.22,304.29,7313.02,7,7,1044.72
CUST_000875,18,18.1818,false,0.0,18.1818,36.3636,3.0958,0.1818,2,9,false,0.0909,0.0,0.0,false,1,1,1007.92,5277.89,52178.81,11,11,4743.53
CUST_000415,22,20.0,false,10.0,20.0,10.0,2.9219,0.0,0,10,false,0.0,0.0,0.0,false,1,1,133.79,3331.07,15334.49,10,10,1533.45
CUST_000159,17,16.6667,false,0.0,0.0,33.3333,2.585,0.1667,1,5,false,0.0,0.0,0.0,false,1,1,87.82,87.82,7043.91,6,6,1173.98
CUST_000241,12,25.0,false,0.0,37.5,0.0,2.75,0.375,3,5,false,0.125,0.125,0.0,false,1,1,329.6,329.6,7170.52,8,8,896.31
CUST_000012,10,15.3846,false,7.6923,7.6923,7.6923,3.0851,0.1538,2,11,false,0.1538,0.1538,0.0,false,1,3,2435.17,751.62,11858.34,13,13,912.18
CUST_000231,8,33.3333,false,50.0,0.0,33.3333,2.2516,0.0,0,6,false,0.3333,0.1667,0.0,false,1,2,2514.83,1257.41,3498.36,6,6,583.06
CUST_000915,13,18.1818,false,9.0909,27.2727,9.0909,3.0958,0.1818,2,9,false,0.0909,0.0,0.0,false,1,1,4795.19,4795.19,21586.18,11,11,1962.38
CUST_000300,11,22.2222,false,0.0,11.1111,33.3333,2.7255,0.1111,1,8,false,0.0,0.0,0.0,false,1,1,1003.25,673.31,12495.17,9,9,1388.35
CUST_000179,18,20.0,false,0.0,10.0,30.0,3.1219,0.0,0,10,false,0.2,0.0,0.0,false,1,2,4192.62,1476.1,14586.13,10,10,1458.61
CUST_000371,6,28.5714,false,28.5714,14.2857,14.2857,2.5216,0.0,0,7,false,0.0,0.0,0.0,false,1,1,213.69,213.69,5264.35,7,7,752.05
CUST_000598,11,33.3333,false,0.0,0.0,50.0,1.9183,0.0,0,6,false,0.0,0.0,0.0,false,1,1,1135.53,1135.53,49824.14,6,6,8304.02
CUST_000937,16,25.0,false,12.5,0.0,12.5,2.5,0.125,1,7,false,0.0,0.0,0.0,false,1,1,27.32,329.29,4593.05,8,8,574.13
CUST_000539,8,18.1818,false,27.2727,9.0909,18.1818,2.914,0.0909,1,10,false,0.0,0.0,0.0,false,1,1,166.08,692.78,8513.04,11,11,773.91
CUST_000980,17,33.3333,false,0.0,33.3333,33.3333,2.2516,0.5,3,3,false,0.0,0.0,0.0,false,1,1,301.57,301.57,13960.02,6,6,2326.67
CUST_000059,23,66.6667,false,0.0,0.0,0.0,0.9183,0.3333,1,2,false,0.0,0.0,0.0,false,1,1,26.05,26.05,876.41,3,3,292.14
CUST_000248,23,14.2857,false,14.2857,28.5714,14.2857,2.8074,0.1429,1,6,false,0.0,0.0,0.0,false,1,2,886.95,366.19,4151.55,7,7,593.08
CUST_000445,15,16.6667,false,0.0,8.3333,16.6667,3.2516,0.0833,1,11,false,0.0833,0.0,0.0,false,1,1,610.06,3743.91,27077.11,12,12,2256.43
CUST_000114,14,33.3333,false,16.6667,0.0,16.6667,2.2516,0.3333,2,4,false,0.1667,0.1667,0.0,false,1,1,331.71,331.71,23443.36,6,6,3907.23
CUST_000475,21,14.2857,false,7.1429,7.1429,28.5714,3.3788,0.0714,1,13,false,0.0,0.0,0.0,false,1,1,309.7,576.38,7707.25,14,14,550.52
CUST_000485,16,18.1818,false,9.0909,0.0,18.1818,3.0958,0.2727,3,8,false,0.1818,0.0,0.0,false,1,2,1146.48,1037.34,17066.6,11,11,1551.51
CUST_000388,19,30.0,false,0.0,0.0,30.0,2.8464,0.1,1,9,false,0.0,0.0,0.0,false,1,1,933.56,1167.18,12994.52,10,10,1299.45
CUST_000537,20,33.3333,false,8.3333,8.3333,25.0,2.7516,0.0,0,12,false,0.25,0.0833,0.0,false,1,3,6523.71,1139.06,12451.72,12,12,1037.64
CUST_000389,1,11.1111,false,0.0,11.1111,22.2222,3.1699,0.1111,1,8,false,0.2222,0.0,0.0,false,1,2,1726.14,814.73,7128.15,9,9,792.02
CUST_000848,10,15.3846,false,23.0769,7.6923,15.3846,3.2389,0.1538,2,11,false,0.3077,0.1538,0.0,false,1,2,4994.61,1240.7,19071.04,13,13,1467.0
CUST_000753,16,33.3333,false,0.0,0.0,0.0,2.2516,0.1667,1,5,false,0.0,0.0,0.0,false,1,1,298.48,2337.85,7736.48,6,6,1289.41
CUST_000457,10,18.1818,false,18.1818,18.1818,9.0909,3.2776,0.0,0,11,false,0.0909,0.0,0.0,false,1,1,211.62,1618.23,14902.54,11,11,1354.78
CUST_000649,17,18.1818,false,9.0909,9.0909,45.4545,3.0958,0.0909,1,10,false,0.0,0.0,0.0,false,1,1,105.31,277.17,6924.09,11,11,629.46
CUST_000383,20,12.5,false,6.25,12.5,12.5,3.375,0.125,2,14,false,0.1875,0.125,0.0,false,1,3,7780.42,3518.76,50032.75,16,16,3127.05
CUST_000730,6,18.1818,false,36.3636,18.1818,9.0909,2.914,0.0,0,11,false,0.0909,0.0909,0.0,false,1,1,9240.17,17101.75,89541.48,11,11,8140.13
CUST_000634,17,33.3333,false,0.0,11.1111,44.4444,2.6416,0.1111,1,8,false,0.1111,0.0,0.0,false,1,1,442.94,1758.06,12216.21,9,9,1357.36
CUST_000683,10,40.0,false,0.0,20.0,0.0,1.9219,0.0,0,5,false,0.2,0.2,0.0,false,1,1,9571.52,9571.52,18645.02,5,5,3729.0
CUST_000050,17,23.0769,false,0.0,7.6923,38.4615,2.8731,0.2308,3,10,false,0.1538,0.0,0.0,false,1,2,91.34,278.34,12782.09,13,13,983.24
CUST_000632,11,28.5714,false,14.2857,0.0,28.5714,2.5216,0.0,0,7,false,0.4286,0.2857,0.0,false,1,3,10433.56,3477.85,13549.81,7,7,1935.69
CUST_000232,21,18.1818,false,0.0,9.0909,18.1818,3.0958,0.0,0,11,false,0.1818,0.0909,0.0,false,1,2,3343.8,1671.9,39224.45,11,11,3565.86
CUST_000100,16,22.2222,false,0.0,0.0,44.4444,2.5033,0.0,0,9,false,0.1111,0.0,0.0,false,1,1,249.23,264.48,30937.48,9,9,3437.5
CUST_000259,9,33.3333,false,16.6667,16.6667,0.0,2.2516,0.0,0,6,false,0.0,0.0,0.0,false,1,2,538.26,417.9,4712.91,6,6,785.49
CUST_000328,11,15.7895,false,5.2632,26.3158,10.5263,3.4316,0.0526,1,18,false,0.1053,0.0526,0.0,false,1,2,5112.9,13161.67,129390.96,19,19,6810.05
CUST_000067,9,25.0,false,0.0,0.0,0.0,2.0,0.0,0,4,false,0.25,0.25,0.0,false,1,1,569.3,1240.4,8000.09,4,4,2000.02
CUST_000452,16,17.6471,false,11.7647,5.8824,11.7647,3.3372,0.1176,2,15,false,0.1176,0.0588,0.0,false,1,2,535.06,368.1,12930.98,17,17,760.65
CUST_000700,19,30.0,false,10.0,0.0,50.0,2.6464,0.0,0,10,false,0.2,0.0,0.0,false,1,2,568.4,284.2,9287.92,10,10,928.79
CUST_000816,16,21.4286,false,0.0,0.0,42.8571,3.0391,0.2143,3,11,false,0.0714,0.0,0.0,false,1,1,1566.92,1088.26,23107.84,14,14,1650.56
CUST_000689,15,25.0,false,12.5,0.0,12.5,2.75,0.0,0,8,false,0.0,0.0,0.0,false,1,2,1138.88,539.44,4579.89,8,8,572.49
CUST_000131,11,15.3846,false,15.3846,15.3846,15.3846,3.0851,0.1538,2,11,false,0.2308,0.0,0.0,false,1,3,2028.92,1056.93,40644.76,13,13,3126.52
CUST_000177,18,25.0,false,0.0,16.6667,25.0,3.0221,0.25,3,9,false,0.0833,0.0,0.0,false,1,1,1348.21,627.81,7479.31,12,12,623.28
CUST_000168,12,15.3846,false,15.3846,15.3846,30.7692,3.0851,0.0,0,13,false,0.1538,0.0,0.0,false,1,2,530.28,697.62,10905.73,13,13,838.9
CUST_000633,16,27.2727,false,0.0,18.1818,18.1818,2.8454,0.1818,2,9,false,0.1818,0.0909,0.0,false,1,2,4106.22,1801.59,13030.16,11,11,1184.56
CUST_000757,13,16.6667,false,8.3333,25.0,16.6667,3.2516,0.25,3,9,false,0.25,0.0833,0.0,false,1,2,1739.34,699.82,11410.08,12,12,950.84
CUST_000607,9,20.0,false,20.0,30.0,10.0,2.7219,0.0,0,10,false,0.2,0.0,0.0,false,1,2,8021.4,4010.7,12729.95,10,10,1273.0
CUST_000794,14,16.6667,false,16.6667,16.6667,16.6667,2.585,0.0,0,6,false,0.0,0.0,0.0,false,1,1,1855.66,1055.88,5112.31,6,6,852.05
CUST_000254,16,33.3333,false,0.0,0.0,11.1111,2.6416,0.1111,1,8,false,0.2222,0.0,0.0,false,1,1,121.7,449.82,11294.99,9,9,1255.0
CUST_000798,10,27.2727,false,0.0,0.0,18.1818,2.8454,0.0,0,11,false,0.0,0.0,0.0,false,1,1,1085.86,1085.86,9447.73,11,11,858.88
CUST_000763,17,14.2857,false,0.0,0.0,42.8571,2.8074,0.1429,1,6,false,0.1429,0.0,0.0,false,1,1,798.42,681.75,10644.86,7,7,1520.69
CUST_000206,18,31.25,false,6.25,6.25,37.5,3.0244,0.125,2,14,false,0.125,0.0,0.0,false,1,1,721.01,614.34,11527.15,16,16,720.45
CUST_000435,11,33.3333,false,0.0,16.6667,16.6667,2.2516,0.1667,1,5,false,0.0,0.0,0.0,false,2,2,3049.55,1059.74,12250.05,6,6,2041.67
CUST_000400,16,11.1111,false,11.1111,16.6667,11.1111,3.7255,0.2222,4,14,false,0.1111,0.0,0.0,false,1,2,1264.6,540.22,14476.96,18,18,804.28
CUST_000216,14,16.6667,false,16.6667,16.6667,8.3333,3.2516,0.25,3,9,false,0.1667,0.0,0.0,false,1,2,691.36,1526.12,10610.21,12,12,884.18
CUST_000535,11,22.2222,false,11.1111,11.1111,11.1111,2.7255,0.2222,2,7,false,0.0,0.0,0.0,false,1,3,13004.85,3188.29,28180.07,9,9,3131.12
CUST_000041,15,23.0769,false,15.3846,23.0769,7.6923,3.027,0.0,0,13,false,0.2308,0.0,0.0,false,1,2,6391.93,1666.44,29411.96,13,13,2262.46
CUST_000966,16,15.3846,false,7.6923,15.3846,7.6923,2.9312,0.0769,1,12,false,0.1538,0.0769,0.0,false,1,2,2889.86,4459.79,47794.23,13,13,3676.48
CUST_000437,18,30.0,false,10.0,10.0,50.0,2.8464,0.3,3,7,false,0.0,0.0,0.0,false,1,2,952.29,1742.49,18163.34,10,10,1816.33
CUST_000449,17,15.3846,false,0.0,23.0769,38.4615,3.0851,0.0769,1,12,false,0.0769,0.0,0.0,false,1,1,3942.14,6912.49,140163.84,13,13,10781.83
CUST_000822,17,20.0,false,10.0,10.0,30.0,2.9219,0.0,0,10,false,0.3,0.1,0.0,false,1,1,1293.19,1364.01,11199.4,10,10,1119.94
CUST_000414,15,23.0769,false,7.6923,15.3846,15.3846,3.1808,0.0,0,13,false,0.1538,0.0769,0.0,false,1,2,1243.93,445.04,6707.61,13,13,515.97
CUST_000442,19,22.2222,false,11.1111,0.0,22.2222,2.7255,0.1111,1,8,false,0.1111,0.1111,0.0,false,1,1,793.87,1591.37,22855.64,9,9,2539.52
CUST_000076,9,27.2727,false,0.0,9.0909,27.2727,2.6635,0.0,0,11,false,0.0,0.0,0.0,false,1,3,4079.44,1339.69,57027.92,11,11,5184.36
CUST_000888,21,11.1111,false,0.0,11.1111,22.2222,3.5033,0.1667,3,15,false,0.2222,0.1667,0.0,false,1,3,564.34,361.34,6969.54,18,18,387.2
CUST_000893,16,16.6667,false,0.0,16.6667,16.6667,2.585,0.0,0,6,false,0.3333,0.1667,0.0,false,1,1,440.89,932.62,7413.82,6,6,1235.64
CUST_000617,11,50.0,false,0.0,16.6667,0.0,1.7925,0.1667,1,5,false,0.1667,0.0,0.0,false,1,1,47.17,47.17,8325.94,6,6,1387.66
CUST_000261,22,13.3333,false,6.6667,13.3333,20.0,3.5069,0.2,3,12,false,0.0667,0.0,0.0,false,1,1,526.0,1144.36,21481.4,15,15,1432.09
CUST_000729,14,23.0769,false,0.0,23.0769,7.6923,2.6612,0.0769,1,12,false,0.2308,0.0,0.0,false,1,2,1147.14,853.93,11667.73,13,13,897.52
CUST_000843,18,14.2857,false,7.1429,0.0,35.7143,3.2359,0.1429,2,12,false,0.1429,0.0714,0.0,false,1,2,1544.21,534.87,9056.13,14,14,646.87
CUST_000781,21,20.0,false,0.0,20.0,0.0,2.3219,0.0,0,5,false,0.0,0.0,0.0,false,1,1,1163.0,742.77,8171.18,5,5,1634.24
CUST_000645,12,41.6667,false,0.0,50.0,16.6667,2.6175,0.0833,1,11,false,0.1667,0.1667,0.0,false,1,2,756.5,726.22,12199.56,12,12,1016.63
CUST_000620,17,22.2222,false,0.0,33.3333,33.3333,2.7255,0.2222,2,7,false,0.1111,0.1111,0.0,false,1,1,8848.34,8848.34,28442.79,9,9,3160.31
CUST_000022,19,23.0769,false,0.0,15.3846,23.0769,2.7193,0.3077,4,9,false,0.1538,0.1538,0.0,false,1,2,36431.76,14524.45,105678.85,13,13,8129.14
CUST_000704,15,28.5714,false,0.0,14.2857,28.5714,2.5216,0.1429,1,6,false,0.0,0.0,0.0,false,1,1,895.04,895.04,18739.47,7,7,2677.07
CUST_000021,20,10.0,false,0.0,10.0,20.0,3.3219,0.0,0,10,false,0.1,0.1,0.0,false,1,1,647.31,922.35,8164.44,10,10,816.44
CUST_000170,15,25.0,false,0.0,25.0,25.0,2.5,0.125,1,7,false,0.125,0.0,0.0,false,1,1,676.87,1257.04,13915.26,8,8,1739.41
CUST_000603,12,18.75,false,6.25,18.75,18.75,3.4528,0.0,0,16,false,0.0,0.0,0.0,false,1,2,1441.19,637.84,10602.98,16,16,662.69
CUST_000534,9,37.5,false,12.5,12.5,0.0,2.4056,0.0,0,8,false,0.125,0.0,0.0,false,1,1,390.18,390.18,5824.35,8,8,728.04
CUST_000991,15,30.0,false,0.0,0.0,30.0,2.4464,0.3,3,7,false,0.2,0.1,0.0,false,1,2,15196.39,7598.2,30331.75,10,10,3033.18
CUST_000014,13,25.0,false,8.3333,41.6667,8.3333,2.8554,0.1667,2,10,false,0.0,0.0,0.0,false,1,1,175.05,3333.55,23042.26,12,12,1920.19
CUST_000171,19,22.2222,false,0.0,0.0,33.3333,2.7255,0.0,0,9,false,0.0,0.0,0.0,false,1,1,215.63,655.47,6056.56,9,9,672.95
CUST_000809,19,42.8571,false,0.0,14.2857,42.8571,2.1281,0.1429,1,6,false,0.1429,0.0,0.0,false,1,1,480.25,480.25,4235.9,7,7,605.13
CUST_000940,16,20.0,false,20.0,20.0,10.0,2.9219,0.1,1,9,false,0.1,0.0,0.0,false,1,1,272.46,2209.55,33204.54,10,10,3320.45
CUST_000747,13,16.6667,false,8.3333,25.0,33.3333,3.2516,0.1667,2,10,false,0.1667,0.0,0.0,false,1,1,71.36,1074.58,10895.73,12,12,907.98
CUST_000644,12,33.3333,false,0.0,41.6667,25.0,2.3554,0.0,0,12,false,0.0833,0.0,0.0,false,1,1,3527.96,1988.54,23604.64,12,12,1967.05
CUST_000958,17,20.0,false,10.0,0.0,30.0,3.1219,0.2,2,8,false,0.1,0.0,0.0,false,1,1,1746.42,9919.33,82072.87,10,10,8207.29
CUST_000942,9,22.2222,false,0.0,22.2222,11.1111,2.7255,0.0,0,9,false,0.1111,0.0,0.0,false,1,1,1224.82,1025.6,7208.89,9,9,800.99
CUST_000643,17,33.3333,false,0.0,0.0,33.3333,2.1972,0.1111,1,8,false,0.2222,0.0,0.0,false,1,2,10807.2,2466.7,30442.81,9,9,3382.53
CUST_000810,18,25.0,false,12.5,0.0,50.0,2.5,0.25,2,6,false,0.0,0.0,0.0,false,1,1,6725.96,4244.52,20753.81,8,8,2594.23
CUST_000182,23,33.3333,false,0.0,16.6667,16.6667,2.2516,0.0,0,6,false,0.1667,0.0,0.0,false,1,1,2403.77,4231.12,16195.38,6,6,2699.23
CUST_000487,11,23.0769,false,0.0,7.6923,30.7692,3.027,0.0,0,13,false,0.4615,0.2308,0.0,false,1,4,3693.73,1124.9,14433.93,13,13,1110.3
CUST_000623,11,18.1818,false,9.0909,0.0,27.2727,3.0958,0.2727,3,8,false,0.0,0.0,0.0,false,1,1,4967.65,7356.28,124481.24,11,11,11316.48
CUST_000480,11,30.0,false,0.0,10.0,0.0,2.4464,0.3,3,7,false,0.1,0.1,0.0,false,1,1,3557.54,2888.51,13650.64,10,10,1365.06
CUST_000592,13,20.0,false,10.0,30.0,20.0,3.1219,0.1,1,9,false,0.1,0.1,0.0,false,1,1,163.35,127.3,9417.01,10,10,941.7
CUST_000083,17,25.0,false,25.0,12.5,37.5,2.75,0.0,0,8,false,0.25,0.125,0.0,false,1,4,4422.75,846.22,6242.2,8,8,780.28
CUST_000352,9,27.2727,false,9.0909,0.0,18.1818,2.8454,0.1818,2,9,false,0.0909,0.0909,0.0,false,1,1,2381.37,2695.91,35613.96,11,11,3237.63
CUST_000805,11,28.5714,false,0.0,0.0,28.5714,2.5216,0.1429,1,6,false,0.1429,0.0,0.0,false,1,1,305.31,220.2,4716.83,7,7,673.83
CUST_000967,11,30.0,false,0.0,0.0,30.0,2.171,0.1,1,9,false,0.0,0.0,0.0,false,1,1,3793.23,3793.23,29232.57,10,10,2923.26
CUST_000362,12,30.0,false,10.0,30.0,10.0,2.8464,0.0,0,10,false,0.4,0.3,0.0,false,1,4,1281.47,793.55,11000.74,10,10,1100.07
CUST_000726,10,25.0,false,0.0,0.0,37.5,2.5,0.125,1,7,false,0.0,0.0,0.0,false,1,1,164.01,394.09,4878.46,8,8,609.81
CUST_000176,15,35.2941,false,0.0,17.6471,11.7647,2.8222,0.3529,6,11,false,0.1765,0.0,0.0,false,2,3,1953.17,963.7,31519.14,17,17,1854.07
CUST_000943,17,28.5714,false,0.0,0.0,42.8571,2.5216,0.1429,1,6,false,0.2857,0.2857,0.0,false,1,2,2015.7,733.16,7460.98,7,7,1065.85
CUST_000307,15,16.6667,false,16.6667,0.0,25.0,2.9183,0.1667,2,10,false,0.25,0.0833,0.0,false,1,3,9309.15,3301.39,94205.33,12,12,7850.44
CUST_000380,19,25.0,false,0.0,16.6667,25.0,2.6887,0.0833,1,11,false,0.25,0.0,0.0,false,1,2,22960.52,8382.37,54322.56,12,12,4526.88
CUST_000945,16,20.0,false,0.0,20.0,20.0,2.3219,0.0,0,5,false,0.0,0.0,0.0,false,1,1,235.46,331.99,5034.85,5,5,1006.97
CUST_000990,8,16.6667,false,16.6667,16.6667,16.6667,3.2516,0.0,0,12,false,0.0833,0.0,0.0,false,1,1,450.43,792.33,16786.36,12,12,1398.86
CUST_000890,16,21.4286,false,21.4286,0.0,28.5714,3.182,0.0714,1,13,false,0.1429,0.0714,0.0,false,1,2,5583.42,2791.71,68051.5,14,14,4860.82
CUST_000556,16,23.0769,false,7.6923,0.0,23.0769,2.8151,0.0,0,13,false,0.0769,0.0769,0.0,false,1,1,306.62,4046.46,25457.08,13,13,1958.24
CUST_000333,16,14.2857,false,14.2857,0.0,28.5714,2.8074,0.0,0,7,false,0.2857,0.0,0.0,false,1,2,7918.65,3959.33,15591.64,7,7,2227.38
CUST_000197,19,33.3333,false,11.1111,0.0,33.3333,2.4194,0.3333,3,6,false,0.0,0.0,0.0,false,1,2,2980.62,1490.31,9398.92,9,9,1044.32
CUST_000999,12,33.3333,false,0.0,41.6667,8.3333,2.9183,0.0833,1,11,false,0.0833,0.0,0.0,false,1,1,825.79,434.65,10634.86,12,12,886.24
CUST_000317,16,38.4615,false,7.6923,0.0,15.3846,2.4997,0.0769,1,12,false,0.1538,0.0,0.0,false,1,2,5681.22,2378.55,15269.12,13,13,1174.55
CUST_000154,17,50.0,false,0.0,0.0,50.0,1.7925,0.1667,1,5,false,0.0,0.0,0.0,false,1,1,635.82,3694.0,12006.39,6,6,2001.06
CUST_000656,7,12.5,false,25.0,0.0,25.0,3.0,0.0,0,8,false,0.25,0.125,0.0,false,1,2,1733.69,2546.73,17922.34,8,8,2240.29
CUST_000181,17,14.2857,false,0.0,0.0,28.5714,2.8074,0.0,0,7,false,0.1429,0.0,0.0,false,1,1,268.29,1598.58,12925.36,7,7,1846.48
CUST_000933,11,33.3333,false,0.0,0.0,11.1111,2.6416,0.0,0,9,false,0.0,0.0,0.0,false,1,2,2339.8,1010.73,10184.13,9,9,1131.57
CUST_000462,9,15.3846,false,0.0,7.6923,23.0769,3.2389,0.0,0,13,false,0.0769,0.0,0.0,false,1,1,695.34,1218.08,13220.93,13,13,1016.99
CUST_000350,17,22.2222,false,0.0,22.2222,33.3333,2.9477,0.0,0,9,false,0.0,0.0,0.0,false,1,1,299.48,2969.35,12191.69,9,9,1354.63
CUST_000463,17,16.6667,false,0.0,16.6667,33.3333,2.585,0.1667,1,5,false,0.0,0.0,0.0,false,1,1,1112.28,3242.89,8110.03,6,6,1351.67
CUST_000682,10,18.1818,false,9.0909,18.1818,27.2727,3.0958,0.1818,2,9,false,0.0909,0.0,0.0,false,1,1,148.05,3229.53,24209.95,11,11,2200.9
CUST_000879,9,22.2222,false,11.1111,22.2222,11.1111,2.7255,0.0,0,9,false,0.1111,0.0,0.0,false,1,1,2383.91,950.03,11762.41,9,9,1306.93
CUST_000631,19,31.25,false,0.0,31.25,37.5,2.6494,0.25,4,12,false,0.125,0.0625,0.0,false,1,2,1019.11,1089.9,19250.18,16,16,1203.14
CUST_000015,9,18.1818,false,9.0909,9.0909,18.1818,3.0958,0.0909,1,10,false,0.0,0.0,0.0,false,1,1,908.86,787.14,20348.13,11,11,1849.83
CUST_000405,10,20.0,false,20.0,6.6667,26.6667,3.4566,0.2,3,12,false,0.1333,0.0667,0.0,false,1,1,492.98,696.96,11689.12,15,15,779.27
CUST_000465,10,20.0,false,0.0,0.0,30.0,2.7219,0.0,0,10,false,0.1,0.1,0.0,false,1,1,1242.77,1833.86,9040.39,10,10,904.04
CUST_000636,11,23.0769,false,7.6923,7.6923,15.3846,2.8731,0.0769,1,12,false,0.0769,0.0,0.0,false,1,1,1165.61,919.36,10491.87,13,13,807.07
CUST_000013,14,14.2857,false,0.0,0.0,0.0,2.8074,0.0,0,7,false,0.1429,0.1429,0.0,false,1,1,452.6,413.96,3355.87,7,7,479.41
CUST_000366,19,60.0,false,0.0,0.0,60.0,1.371,0.0,0,5,false,0.0,0.0,0.0,false,1,1,494.54,1052.36,3681.52,5,5,736.3
CUST_000558,15,25.0,false,0.0,0.0,25.0,2.5,0.0,0,8,false,0.125,0.125,0.0,false,1,1,8992.77,6515.31,25276.87,8,8,3159.61
CUST_000264,22,16.6667,false,16.6667,0.0,0.0,2.585,0.0,0,6,false,0.1667,0.1667,0.0,false,1,1,4730.11,5715.33,25257.09,6,6,4209.52
CUST_000986,16,16.6667,false,25.0,16.6667,8.3333,3.2516,0.1667,2,10,false,0.0,0.0,0.0,false,1,2,3539.29,2697.39,50672.14,12,12,4222.68
CUST_000340,21,18.1818,false,18.1818,9.0909,0.0,3.0958,0.0,0,11,false,0.1818,0.1818,0.0,false,1,2,6034.78,3017.39,46242.53,11,11,4203.87
CUST_000944,17,33.3333,false,0.0,0.0,44.4444,2.1972,0.1111,1,8,false,0.1111,0.0,0.0,false,1,1,560.64,467.54,14677.64,9,9,1630.85
CUST_000287,19,33.3333,false,22.2222,0.0,44.4444,2.4194,0.0,0,9,false,0.1111,0.0,0.0,false,1,2,6728.32,3351.94,31523.19,9,9,3502.58
CUST_000397,19,15.3846,false,0.0,15.3846,23.0769,3.3927,0.2308,3,10,false,0.1538,0.0769,0.0,false,1,2,5012.23,1515.22,15434.3,13,13,1187.25
CUST_000639,11,25.0,false,25.0,0.0,12.5,2.5,0.0,0,8,false,0.25,0.125,0.0,false,1,2,659.86,329.93,5931.03,8,8,741.38
CUST_000540,23,33.3333,false,0.0,0.0,33.3333,1.9183,0.0,0,6,false,0.1667,0.0,0.0,false,1,1,1467.83,1006.61,3134.19,6,6,522.37
CUST_000699,16,17.6471,false,17.6471,11.7647,17.6471,3.1751,0.1765,3,14,false,0.1176,0.0,0.0,false,1,2,55082.04,16406.95,245408.58,17,17,14435.8
CUST_000155,16,22.2222,false,11.1111,11.1111,11.1111,2.7255,0.1111,1,8,false,0.1111,0.0,0.0,false,1,1,1095.32,6965.82,21155.69,9,9,2350.63
CUST_000561,18,25.0,false,12.5,0.0,25.0,2.5,0.125,1,7,false,0.0,0.0,0.0,false,1,1,488.68,2004.39,12927.98,8,8,1616.0
CUST_000976,17,28.5714,false,0.0,0.0,57.1429,2.2359,0.0,0,7,false,0.2857,0.1429,0.0,false,1,3,6810.33,2585.57,28642.76,7,7,4091.82
CUST_000921,12,33.3333,false,0.0,33.3333,33.3333,2.2516,0.0,0,6,false,0.0,0.0,0.0,false,1,2,1219.26,816.4,4317.05,6,6,719.51
CUST_000851,14,28.5714,false,0.0,21.4286,14.2857,2.6106,0.1429,2,12,false,0.2857,0.0714,0.0,false,1,3,1600.0,613.01,16785.35,14,14,1198.95
CUST_000507,18,25.0,false,0.0,0.0,37.5,2.25,0.125,1,7,false,0.25,0.25,0.0,false,1,2,1588.58,843.32,7497.12,8,8,937.14
CUST_000419,14,28.5714,false,0.0,0.0,28.5714,2.2359,0.2857,2,5,false,0.2857,0.1429,0.0,false,1,2,15453.76,6879.6,34712.64,7,7,4958.95
CUST_000233,18,20.0,false,6.6667,20.0,40.0,3.0062,0.0667,1,14,false,0.2,0.1333,0.0,false,1,2,2036.04,1384.25,15132.67,15,15,1008.84
CUST_000929,20,22.2222,false,0.0,11.1111,22.2222,2.7255,0.2222,2,7,false,0.1111,0.0,0.0,false,1,1,435.29,435.29,13341.6,9,9,1482.4
CUST_000207,12,22.2222,false,11.1111,33.3333,33.3333,2.9477,0.0,0,9,false,0.0,0.0,0.0,false,1,2,2019.76,1009.88,16348.71,9,9,1816.52
CUST_000651,10,16.6667,false,8.3333,25.0,8.3333,3.085,0.0833,1,11,false,0.0833,0.0833,0.0,false,1,2,3106.53,2577.95,25223.24,12,12,2101.94
CUST_000582,19,20.0,false,10.0,20.0,40.0,3.1219,0.2,2,8,false,0.1,0.1,0.0,false,1,1,3365.06,3061.34,51805.73,10,10,5180.57
CUST_000263,21,25.0,false,0.0,0.0,25.0,2.5,0.125,1,7,false,0.125,0.125,0.0,false,1,1,4181.86,1869.64,8794.11,8,8,1099.26
CUST_000056,15,16.6667,false,16.6667,0.0,25.0,3.085,0.1667,2,10,false,0.1667,0.0,0.0,false,1,2,1511.4,1241.89,18088.93,12,12,1507.41
CUST_000354,16,25.0,false,0.0,25.0,25.0,2.0,0.0,0,4,false,0.5,0.25,0.0,false,1,2,2354.71,802.96,3072.11,4,4,768.03
CUST_000936,17,27.2727,false,0.0,9.0909,36.3636,2.8454,0.0,0,11,false,0.1818,0.0,0.0,false,1,2,1206.17,456.13,5179.7,11,11,470.88
CUST_000444,12,15.3846,false,7.6923,15.3846,15.3846,3.2389,0.0769,1,12,false,0.0769,0.0769,0.0,false,1,1,13814.9,3580.81,103074.24,13,13,7928.79
CUST_000586,8,20.0,false,20.0,0.0,50.0,2.7219,0.0,0,10,false,0.2,0.2,0.0,false,1,2,1625.98,1164.51,11932.23,10,10,1193.22
CUST_000211,7,11.1111,false,11.1111,11.1111,0.0,3.1699,0.0,0,9,false,0.1111,0.1111,0.0,false,1,1,237.33,1215.03,11165.13,9,9,1240.57
CUST_000460,14,15.3846,false,7.6923,15.3846,23.0769,3.2389,0.2308,3,10,false,0.2308,0.0,0.0,false,1,2,14528.6,5207.94,45581.49,13,13,3506.27
CUST_000084,9,20.0,false,0.0,20.0,20.0,2.3219,0.2,1,4,false,0.0,0.0,0.0,false,1,1,392.88,1718.67,8593.3,5,5,1718.66
CUST_000387,19,22.2222,false,11.1111,22.2222,33.3333,2.9477,0.1111,1,8,false,0.1111,0.1111,0.0,false,1,1,1184.9,754.01,5021.23,9,9,557.91
CUST_000573,17,25.0,false,0.0,0.0,62.5,2.5,0.125,1,7,false,0.125,0.0,0.0,false,1,1,417.7,417.7,9665.66,8,8,1208.21
CUST_000569,11,18.1818,false,0.0,0.0,9.0909,2.914,0.4545,5,6,false,0.0,0.0,0.0,false,1,1,853.7,1166.96,20575.04,11,11,1870.46
CUST_000797,18,16.6667,false,16.6667,16.6667,16.6667,3.085,0.0833,1,11,false,0.3333,0.0833,0.0,false,2,4,10788.05,2697.01,19415.33,12,12,1617.94
CUST_000788,12,14.2857,false,0.0,28.5714,14.2857,2.8074,0.0,0,7,false,0.2857,0.0,0.0,false,1,2,7464.67,3732.34,13916.46,7,7,1988.07
CUST_000469,21,20.0,false,20.0,20.0,20.0,2.3219,0.2,1,4,false,0.0,0.0,0.0,false,1,1,807.37,721.43,2895.16,5,5,579.03
CUST_000276,17,23.5294,false,11.7647,11.7647,47.0588,3.2195,0.0,0,17,false,0.0588,0.0,0.0,false,1,1,1698.95,9523.82,48201.18,17,17,2835.36
CUST_000660,18,25.0,false,12.5,0.0,25.0,2.5,0.0,0,8,false,0.25,0.25,0.0,false,1,2,11932.21,5106.34,48191.0,8,8,6023.88
CUST_000920,17,18.1818,false,0.0,18.1818,36.3636,3.0958,0.0909,1,10,false,0.0,0.0,0.0,false,1,3,2924.56,742.72,29980.27,11,11,2725.48
CUST_000764,18,33.3333,false,0.0,16.6667,50.0,2.2516,0.3333,2,4,false,0.1667,0.0,0.0,false,1,1,1713.74,896.21,7549.03,6,6,1258.17
CUST_000960,10,20.0,false,0.0,10.0,0.0,2.7219,0.1,1,9,false,0.2,0.0,0.0,false,1,2,1886.13,5401.31,83647.79,10,10,8364.78
CUST_000289,8,18.1818,false,27.2727,9.0909,9.0909,3.0958,0.0909,1,10,false,0.0909,0.0,0.0,false,1,1,1862.18,1674.08,9758.36,11,11,887.12
CUST_000097,9,37.5,false,12.5,0.0,12.5,2.1556,0.125,1,7,false,0.125,0.0,0.0,false,1,1,9514.53,2599.42,27642.27,8,8,3455.28
CUST_000887,13,40.0,false,0.0,40.0,20.0,1.9219,0.0,0,5,false,0.0,0.0,0.0,false,1,2,804.11,510.61,7461.83,5,5,1492.37
CUST_000249,15,25.0,false,12.5,0.0,37.5,2.5,0.25,2,6,false,0.125,0.125,0.0,false,1,1,7000.77,2271.18,15890.13,8,8,1986.27
CUST_000642,14,40.0,false,0.0,0.0,40.0,1.5219,0.0,0,10,false,0.4,0.2,0.0,false,1,3,9398.57,2767.6,32031.1,10,10,3203.11
CUST_000335,16,21.4286,false,0.0,0.0,28.5714,3.0391,0.1429,2,12,false,0.0714,0.0,0.0,false,1,1,1492.22,1225.1,15865.32,14,14,1133.24
CUST_000497,12,16.6667,false,16.6667,16.6667,33.3333,3.085,0.0833,1,11,false,0.1667,0.0,0.0,false,1,2,13334.44,3336.65,22888.59,12,12,1907.38
CUST_000125,9,16.6667,false,16.6667,8.3333,16.6667,3.2516,0.0,0,12,false,0.1667,0.0,0.0,false,1,2,9613.45,4593.41,50948.04,12,12,4245.67
CUST_000860,18,25.0,false,25.0,12.5,37.5,2.75,0.125,1,7,false,0.25,0.0,0.0,false,1,2,587.59,293.79,7444.32,8,8,930.54
CUST_000793,13,13.3333,false,6.6667,13.3333,13.3333,3.5069,0.1333,2,13,false,0.0667,0.0,0.0,false,1,1,839.03,1031.69,34200.66,15,15,2280.04
CUST_000141,11,16.6667,false,8.3333,8.3333,16.6667,3.4183,0.0833,1,11,false,0.0833,0.0833,0.0,false,1,1,122.21,947.03,24532.12,12,12,2044.34
CUST_000737,18,22.2222,false,0.0,0.0,33.3333,2.7255,0.2222,2,7,false,0.0,0.0,0.0,false,1,1,4085.12,1185.74,10100.65,9,9,1122.29
CUST_000234,17,20.0,false,10.0,0.0,40.0,2.9219,0.4,4,6,false,0.1,0.0,0.0,false,1,3,2326.66,648.76,7786.02,10,10,778.6
CUST_000467,12,40.0,false,0.0,40.0,20.0,2.3219,0.2,2,8,false,0.3,0.1,0.0,false,1,2,1308.27,913.07,9443.07,10,10,944.31
CUST_000252,8,16.6667,false,16.6667,8.3333,16.6667,3.4183,0.0,0,12,false,0.0,0.0,0.0,false,1,1,19613.89,11573.37,124832.0,12,12,10402.67
CUST_000323,13,27.2727,false,9.0909,45.4545,9.0909,2.8454,0.1818,2,9,false,0.1818,0.0,0.0,false,1,1,547.44,462.74,7471.53,11,11,679.23
CUST_000218,18,33.3333,false,0.0,11.1111,44.4444,2.6416,0.1111,1,8,false,0.0,0.0,0.0,false,1,2,1493.69,554.26,12447.4,9,9,1383.04
CUST_000260,18,33.3333,false,20.0,6.6667,40.0,2.4989,0.0,0,15,false,0.1333,0.1333,0.0,false,1,2,956.74,381.8,45250.58,15,15,3016.71
CUST_000404,9,33.3333,false,0.0,33.3333,33.3333,1.585,0.0,0,3,false,0.0,0.0,0.0,false,1,1,1377.53,1912.16,4351.44,3,3,1450.48
CUST_000506,17,18.1818,false,0.0,9.0909,36.3636,3.2776,0.3636,4,7,false,0.0909,0.0,0.0,false,1,1,538.91,1770.02,18367.72,11,11,1669.79
CUST_000026,9,25.0,false,0.0,25.0,0.0,2.0,0.0,0,4,false,0.25,0.0,0.0,false,1,1,329.79,8711.95,23916.55,4,4,5979.14
CUST_000381,20,18.75,false,0.0,18.75,12.5,3.2806,0.125,2,14,false,0.0625,0.0625,0.0,false,1,1,5361.16,1879.01,81016.25,16,16,5063.52
CUST_000807,9,33.3333,false,11.1111,22.2222,11.1111,2.4194,0.2222,2,7,false,0.0,0.0,0.0,false,1,1,863.12,929.99,8907.14,9,9,989.68
CUST_000337,12,40.0,false,0.0,40.0,0.0,1.9219,0.2,1,4,false,0.0,0.0,0.0,false,1,2,632.7,316.35,13461.85,5,5,2692.37
CUST_000855,14,30.0,false,10.0,20.0,20.0,2.6464,0.1,1,9,false,0.3,0.1,0.0,false,1,3,3962.4,939.56,9277.22,10,10,927.72
CUST_000711,18,21.4286,false,0.0,7.1429,42.8571,3.182,0.2143,3,11,false,0.0714,0.0,0.0,false,1,1,1598.47,3815.1,50248.23,14,14,3589.16
CUST_000406,10,14.2857,false,0.0,14.2857,28.5714,2.8074,0.1429,1,6,false,0.0,0.0,0.0,false,1,1,161.19,177.76,4452.7,7,7,636.1
CUST_000803,19,28.5714,false,0.0,14.2857,28.5714,2.2359,0.0,0,7,false,0.2857,0.1429,0.0,false,1,2,4631.93,1514.44,9090.78,7,7,1298.68
CUST_000864,15,25.0,false,0.0,0.0,50.0,2.0,0.0,0,4,false,0.5,0.25,0.0,false,1,2,1860.67,700.75,2233.61,4,4,558.4
CUST_000006,9,20.0,false,0.0,0.0,40.0,2.9219,0.1,1,9,false,0.0,0.0,0.0,false,1,2,2664.15,1228.69,14156.6,10,10,1415.66
CUST_000195,10,40.0,false,0.0,0.0,20.0,1.9219,0.2,1,4,false,0.4,0.2,0.0,false,1,2,639.78,726.97,3018.09,5,5,603.62
CUST_000588,13,22.2222,false,0.0,44.4444,22.2222,2.5033,0.0,0,9,false,0.3333,0.1111,0.0,false,1,1,377.65,1571.16,10447.93,9,9,1160.88
CUST_000201,15,23.0769,false,0.0,7.6923,15.3846,2.9689,0.1538,2,11,false,0.1538,0.0,0.0,false,1,1,3420.42,1238.72,14356.22,13,13,1104.32
CUST_000257,15,15.3846,false,0.0,7.6923,30.7692,3.2389,0.0,0,13,false,0.0,0.0,0.0,false,1,3,2731.73,1380.94,21872.29,13,13,1682.48
CUST_000361,12,22.2222,false,11.1111,33.3333,22.2222,2.9477,0.1111,1,8,false,0.0,0.0,0.0,false,1,1,922.15,625.75,12634.73,9,9,1403.86
CUST_000795,19,28.5714,false,14.2857,14.2857,57.1429,2.2359,0.0,0,7,false,0.1429,0.1429,0.0,false,1,1,1515.53,1515.53,2666.04,7,7,380.86
CUST_000698,15,33.3333,false,0.0,0.0,16.6667,1.9183,0.1667,1,5,false,0.3333,0.1667,0.0,false,1,2,3271.66,1635.83,13620.52,6,6,2270.09
CUST_000756,10,27.2727,false,9.0909,9.0909,27.2727,2.6635,0.2727,3,8,false,0.0909,0.0909,0.0,false,1,1,125.74,1037.77,17948.01,11,11,1631.64
CUST_000666,17,18.1818,false,9.0909,27.2727,36.3636,3.0958,0.0909,1,10,false,0.3636,0.3636,0.0,false,1,4,709.19,211.7,22269.27,11,11,2024.48
CUST_000835,6,22.2222,false,22.2222,11.1111,22.2222,2.9477,0.2222,2,7,false,0.0,0.0,0.0,false,1,1,2389.41,1264.87,12278.67,9,9,1364.3
CUST_000210,13,14.2857,false,0.0,14.2857,28.5714,2.8074,0.1429,1,6,false,0.0,0.0,0.0,false,1,1,2339.15,3359.93,150564.0,7,7,21509.14
CUST_000454,13,28.5714,false,0.0,42.8571,14.2857,2.5216,0.1429,1,6,false,0.0,0.0,0.0,false,1,1,14648.02,14648.02,66098.63,7,7,9442.66
CUST_000611,9,28.5714,false,0.0,0.0,14.2857,2.2359,0.2857,2,5,false,0.1429,0.1429,0.0,false,1,1,16973.4,8656.75,24864.36,7,7,3552.05
CUST_000871,16,14.2857,false,0.0,28.5714,28.5714,2.8074,0.0,0,7,false,0.1429,0.0,0.0,false,1,1,815.96,3715.16,40164.46,7,7,5737.78
CUST_000950,17,21.4286,false,0.0,0.0,28.5714,2.9852,0.2143,3,11,false,0.2857,0.1429,0.0,false,1,3,1039.35,292.73,16704.43,14,14,1193.17
CUST_000783,21,16.6667,false,0.0,0.0,16.6667,2.9183,0.25,3,9,false,0.1667,0.0,0.0,false,1,1,5219.1,10995.49,128193.95,12,12,10682.83
CUST_000957,11,28.5714,false,28.5714,0.0,0.0,2.5216,0.1429,1,6,false,0.1429,0.0,0.0,false,1,1,2037.64,1317.14,5605.21,7,7,800.74
CUST_000635,12,27.2727,false,0.0,36.3636,36.3636,2.8454,0.0,0,11,false,0.1818,0.0909,0.0,false,1,2,603.76,716.6,5400.32,11,11,490.94
CUST_000242,13,28.5714,false,14.2857,28.5714,14.2857,2.5216,0.0,0,7,false,0.0,0.0,0.0,false,1,1,362.66,1181.55,7950.19,7,7,1135.74
CUST_000409,17,28.5714,false,0.0,42.8571,28.5714,2.2359,0.1429,1,6,false,0.1429,0.0,0.0,false,1,1,2241.24,2241.24,12621.2,7,7,1803.03
CUST_000706,9,27.2727,false,0.0,0.0,9.0909,2.6635,0.3636,4,7,false,0.1818,0.0909,0.0,false,1,2,315.63,306.51,16546.52,11,11,1504.23
CUST_000040,19,22.2222,false,0.0,0.0,33.3333,2.7255,0.2222,2,7,false,0.0,0.0,0.0,false,1,2,2127.3,748.35,16771.57,9,9,1863.51
CUST_000567,10,30.0,false,0.0,20.0,40.0,2.4464,0.2,2,8,false,0.1,0.0,0.0,false,1,1,3428.72,1782.26,16290.76,10,10,1629.08
CUST_000786,22,22.2222,false,11.1111,11.1111,22.2222,2.9477,0.2222,2,7,false,0.0,0.0,0.0,false,1,1,3466.9,1301.72,10870.09,9,9,1207.79
CUST_000555,10,20.0,false,20.0,0.0,0.0,2.9219,0.2,2,8,false,0.2,0.0,0.0,false,1,2,1930.37,967.49,14883.41,10,10,1488.34
CUST_000199,12,14.2857,false,0.0,28.5714,14.2857,2.8074,0.1429,1,6,false,0.1429,0.0,0.0,false,1,1,13425.7,5148.69,80841.29,7,7,11548.76
CUST_000918,21,21.0526,false,15.7895,5.2632,0.0,3.3006,0.1579,3,16,false,0.0526,0.0526,0.0,false,1,1,2931.87,3574.72,60948.76,19,19,3207.83
CUST_000736,21,30.0,false,0.0,20.0,30.0,2.4464,0.2,2,8,false,0.2,0.2,0.0,false,1,2,7825.61,1706.94,13364.07,10,10,1336.41
CUST_000038,8,33.3333,false,33.3333,11.1111,11.1111,2.6416,0.0,0,9,false,0.1111,0.1111,0.0,false,1,1,3848.76,5407.24,95536.92,9,9,10615.21
CUST_000069,8,20.0,false,20.0,0.0,10.0,2.7219,0.0,0,10,false,0.0,0.0,0.0,false,1,1,743.23,829.43,9949.83,10,10,994.98
CUST_000739,10,25.0,false,0.0,25.0,0.0,2.75,0.25,2,6,false,0.125,0.0,0.0,false,1,1,784.52,530.16,13212.6,8,8,1651.58
CUST_000594,14,23.0769,false,0.0,0.0,15.3846,2.8151,0.1538,2,11,false,0.0,0.0,0.0,false,1,3,4810.62,3111.02,32089.62,13,13,2468.43
CUST_000830,12,20.0,false,0.0,20.0,26.6667,2.6892,0.2,3,12,false,0.0,0.0,0.0,false,1,2,698.49,608.92,16793.49,15,15,1119.57
CUST_000658,18,18.1818,false,18.1818,9.0909,45.4545,3.0958,0.0,0,11,false,0.0,0.0,0.0,false,1,1,32198.08,13597.31,85442.35,11,11,7767.49
CUST_000657,10,20.0,false,0.0,0.0,20.0,2.3219,0.2,1,4,false,0.0,0.0,0.0,false,1,1,3125.17,3716.91,12593.14,5,5,2518.63
CUST_000749,17,22.2222,false,0.0,11.1111,44.4444,2.7255,0.1111,1,8,false,0.4444,0.3333,0.0,false,1,4,6148.97,1597.62,11307.87,9,9,1256.43
CUST_000574,17,20.0,false,13.3333,0.0,46.6667,3.2729,0.1333,2,13,false,0.0,0.0,0.0,false,1,3,2444.41,918.71,15128.66,15,15,1008.58
CUST_000164,13,20.0,false,6.6667,26.6667,26.6667,3.0062,0.0,0,15,false,0.2667,0.1333,0.0,false,1,3,5002.03,1218.97,25232.67,15,15,1682.18
CUST_000503,17,14.2857,false,7.1429,28.5714,14.2857,3.2359,0.1429,2,12,false,0.0,0.0,0.0,false,1,1,2294.03,962.25,21387.9,14,14,1527.71
CUST_000661,9,20.0,false,0.0,0.0,20.0,2.7219,0.2,2,8,false,0.1,0.1,0.0,false,1,1,8816.88,3998.26,72893.89,10,10,7289.39
CUST_000841,6,18.1818,false,18.1818,9.0909,9.0909,3.0958,0.1818,2,9,false,0.1818,0.0909,0.0,false,1,2,1316.2,625.53,10241.11,11,11,931.01
CUST_000559,11,33.3333,false,0.0,16.6667,33.3333,2.2516,0.0,0,6,false,0.3333,0.1667,0.0,false,1,2,1696.56,1223.62,6631.22,6,6,1105.2
CUST_000587,17,15.3846,false,23.0769,23.0769,38.4615,3.0851,0.1538,2,11,false,0.2308,0.0769,0.0,false,2,3,2202.55,942.31,26460.63,13,13,2035.43
CUST_000733,16,30.0,false,20.0,20.0,20.0,2.8464,0.1,1,9,false,0.1,0.0,0.0,false,1,1,51.59,573.53,123176.88,10,10,12317.69
CUST_000278,19,33.3333,false,0.0,22.2222,44.4444,2.6416,0.0,0,9,false,0.2222,0.2222,0.0,false,1,2,1941.38,970.69,5034.51,9,9,559.39
CUST_000450,15,16.6667,false,16.6667,8.3333,16.6667,3.4183,0.0,0,12,false,0.0833,0.0833,0.0,false,1,1,413.48,1568.4,15665.72,12,12,1305.48
CUST_000167,17,26.6667,false,13.3333,13.3333,33.3333,3.1069,0.0,0,15,false,0.2,0.0,0.0,false,2,3,2494.27,1894.78,15217.8,15,15,1014.52
CUST_000662,19,33.3333,false,11.1111,11.1111,55.5556,2.6416,0.1111,1,8,false,0.0,0.0,0.0,false,1,2,7988.23,2038.35,15366.06,9,9,1707.34
CUST_000895,12,33.3333,false,0.0,55.5556,11.1111,2.4194,0.1111,1,8,false,0.1111,0.0,0.0,false,1,1,4651.52,6155.27,46565.93,9,9,5173.99
CUST_000525,16,18.75,false,6.25,12.5,25.0,3.1556,0.0,0,16,false,0.1875,0.0,0.0,false,1,3,2946.29,741.84,20422.19,16,16,1276.39
CUST_000913,6,22.2222,false,22.2222,11.1111,11.1111,2.7255,0.0,0,9,false,0.1111,0.1111,0.0,false,1,2,386.98,1341.41,15099.93,9,9,1677.77
CUST_000815,12,27.2727,false,0.0,27.2727,18.1818,2.6635,0.0909,1,10,false,0.2727,0.0909,0.0,false,1,3,15447.28,3652.28,26554.2,11,11,2414.02
CUST_000049,16,23.5294,false,5.8824,23.5294,17.6471,3.0575,0.1176,2,15,false,0.0588,0.0,0.0,false,1,1,899.37,2135.07,33443.95,17,17,1967.29
CUST_000511,14,20.0,false,6.6667,6.6667,0.0,3.1396,0.2,3,12,false,0.2,0.0667,0.0,false,1,2,9679.91,5870.36,64922.93,15,15,4328.2
CUST_000560,16,20.0,false,10.0,20.0,30.0,2.5219,0.0,0,10,false,0.0,0.0,0.0,false,1,2,7765.26,1792.92,11444.79,10,10,1144.48
CUST_000265,16,27.2727,false,9.0909,0.0,18.1818,2.6635,0.1818,2,9,false,0.1818,0.0,0.0,false,2,2,1403.8,745.52,21132.54,11,11,1921.14
CUST_000139,10,25.0,false,0.0,0.0,50.0,2.25,0.25,2,6,false,0.25,0.25,0.0,false,2,2,5855.26,2188.07,29308.23,8,8,3663.53
CUST_000492,22,40.0,false,0.0,0.0,10.0,2.5219,0.0,0,10,false,0.3,0.1,0.0,false,1,3,4752.96,2343.36,14040.44,10,10,1404.04
CUST_000039,11,33.3333,false,16.6667,0.0,16.6667,2.2516,0.0,0,6,false,0.0,0.0,0.0,false,1,1,3253.62,1393.6,10903.7,6,6,1817.28
CUST_000728,9,16.6667,false,8.3333,8.3333,16.6667,3.085,0.25,3,9,false,0.25,0.0833,0.0,false,1,3,8558.97,5082.65,42850.74,12,12,3570.9
CUST_000316,6,16.6667,false,25.0,8.3333,8.3333,3.2516,0.0,0,12,false,0.0,0.0,0.0,false,1,1,304.04,304.04,7206.59,12,12,600.55
CUST_000800,12,12.5,false,12.5,25.0,12.5,3.0,0.25,2,6,false,0.0,0.0,0.0,false,1,1,352.71,416.48,7286.85,8,8,910.86
CUST_000104,13,33.3333,false,0.0,33.3333,33.3333,1.585,0.3333,1,2,false,0.0,0.0,0.0,false,1,1,4992.24,27949.99,57701.11,3,3,19233.7
CUST_000917,16,25.0,false,25.0,0.0,25.0,2.75,0.0,0,8,false,0.25,0.25,0.0,false,2,2,16394.23,8197.11,33881.24,8,8,4235.16
CUST_000526,22,44.4444,false,0.0,0.0,0.0,2.0588,0.1111,1,8,false,0.0,0.0,0.0,false,1,1,1125.23,1712.75,21605.88,9,9,2400.65
CUST_000767,8,14.2857,false,28.5714,0.0,42.8571,2.8074,0.2857,2,5,false,0.1429,0.0,0.0,false,1,1,1759.32,999.16,5585.76,7,7,797.97
CUST_000745,14,11.1111,false,11.1111,5.5556,16.6667,3.7255,0.0556,1,17,false,0.1667,0.0,0.0,false,1,2,4577.29,3196.48,177959.76,18,18,9886.65
CUST_000852,10,14.2857,false,14.2857,14.2857,14.2857,2.8074,0.0,0,7,false,0.2857,0.0,0.0,false,1,2,3873.81,1511.74,6167.18,7,7,881.03
CUST_000817,16,28.5714,false,0.0,28.5714,42.8571,2.2359,0.0,0,7,false,0.0,0.0,0.0,false,1,2,20538.28,6999.34,41957.39,7,7,5993.91
CUST_000738,7,25.0,false,37.5,25.0,12.5,2.5,0.0,0,8,false,0.25,0.0,0.0,false,1,2,1903.13,848.73,6183.49,8,8,772.94
CUST_000881,17,50.0,false,0.0,12.5,50.0,2.0,0.125,1,7,false,0.125,0.125,0.0,false,1,1,3851.71,3851.71,22221.1,8,8,2777.64
CUST_000566,16,22.2222,false,11.1111,11.1111,22.2222,2.9477,0.2222,2,7,false,0.1111,0.0,0.0,false,1,1,2680.83,1830.88,40672.15,9,9,4519.13
CUST_000247,7,22.2222,false,44.4444,0.0,11.1111,2.9477,0.0,0,9,false,0.1111,0.0,0.0,false,1,1,962.45,849.22,13252.42,9,9,1472.49
CUST_000536,11,26.6667,false,0.0,13.3333,26.6667,3.0566,0.1333,2,13,false,0.2,0.0,0.0,false,2,3,16873.07,4450.17,21957.22,15,15,1463.81
CUST_000298,11,40.0,false,0.0,0.0,0.0,1.9219,0.0,0,5,false,0.6,0.4,0.0,false,1,3,1078.22,359.41,6406.95,5,5,1281.39
CUST_000965,19,18.1818,false,9.0909,0.0,36.3636,2.914,0.0909,1,10,false,0.0909,0.0909,0.0,false,1,1,680.22,1212.41,9074.58,11,11,824.96
CUST_000979,16,20.0,false,10.0,20.0,20.0,2.7219,0.0,0,10,false,0.3,0.2,0.0,false,1,3,4378.75,1363.89,15498.93,10,10,1549.89
CUST_000909,17,20.0,false,0.0,0.0,40.0,2.9219,0.0,0,10,false,0.1,0.1,0.0,false,1,1,184.48,498.48,10609.93,10,10,1060.99
CUST_000250,14,15.3846,false,7.6923,15.3846,7.6923,3.3927,0.0769,1,12,false,0.0,0.0,0.0,false,1,1,3305.02,1539.31,20836.82,13,13,1602.83
CUST_000876,10,33.3333,false,0.0,11.1111,11.1111,2.6416,0.0,0,9,false,0.1111,0.1111,0.0,false,1,1,2967.11,1157.86,15667.85,9,9,1740.87
CUST_000697,18,33.3333,false,16.6667,0.0,33.3333,2.585,0.0833,1,11,false,0.4167,0.1667,0.0,false,1,5,1940.38,658.75,8021.23,12,12,668.44
CUST_000075,6,12.5,false,25.0,12.5,12.5,3.0,0.0,0,8,false,0.125,0.0,0.0,false,1,1,133.81,4087.7,25595.25,8,8,3199.41
CUST_000713,20,18.1818,false,9.0909,9.0909,18.1818,3.2776,0.1818,2,9,false,0.0909,0.0,0.0,false,1,1,175.29,628.39,7036.19,11,11,639.65
CUST_000428,14,10.0,false,20.0,10.0,20.0,3.3219,0.2,2,8,false,0.0,0.0,0.0,false,1,1,1915.4,1088.61,8506.43,10,10,850.64
CUST_000432,16,23.0769,false,0.0,30.7692,23.0769,2.9689,0.1538,2,11,false,0.0769,0.0,0.0,false,1,1,317.73,469.12,16186.94,13,13,1245.15
CUST_000968,11,16.6667,false,8.3333,16.6667,8.3333,3.2516,0.1667,2,10,false,0.0833,0.0833,0.0,false,1,1,86.55,400.14,28659.95,12,12,2388.33
CUST_000455,8,28.5714,false,28.5714,0.0,14.2857,2.5216,0.0,0,7,false,0.1429,0.1429,0.0,false,1,1,280.23,2590.89,13387.99,7,7,1912.57
CUST_000524,10,18.1818,false,18.1818,9.0909,18.1818,3.2776,0.1818,2,9,false,0.2727,0.0909,0.0,false,2,3,2611.14,796.86,27294.83,11,11,2481.35
CUST_000668,10,20.0,false,10.0,0.0,20.0,2.9219,0.1,1,9,false,0.1,0.1,0.0,false,1,1,4355.09,2242.01,12060.58,10,10,1206.06
CUST_000030,19,13.3333,false,6.6667,13.3333,20.0,3.2402,0.0667,1,14,false,0.1333,0.0,0.0,false,1,2,3110.08,952.79,12116.48,15,15,807.77
CUST_000429,17,42.8571,false,0.0,14.2857,42.8571,2.1281,0.1429,1,6,false,0.0,0.0,0.0,false,1,1,1730.41,1062.0,6592.83,7,7,941.83
CUST_000695,11,20.0,false,10.0,20.0,20.0,3.1219,0.4,4,6,false,0.1,0.0,0.0,false,1,1,826.61,4669.76,33619.02,10,10,3361.9
CUST_000229,9,16.6667,false,0.0,16.6667,44.4444,3.1552,0.1111,2,16,false,0.0556,0.0,0.0,false,1,1,583.24,2154.96,20870.65,18,18,1159.48
CUST_000398,17,33.3333,false,0.0,0.0,50.0,2.2516,0.1667,1,5,false,0.0,0.0,0.0,false,1,1,2384.42,1020.84,5442.17,6,6,907.03
CUST_000553,10,28.5714,false,0.0,14.2857,28.5714,2.2359,0.1429,1,6,false,0.0,0.0,0.0,false,1,2,11207.34,5603.67,185365.4,7,7,26480.77
CUST_000735,18,20.0,false,0.0,0.0,60.0,2.3219,0.2,1,4,false,0.0,0.0,0.0,false,1,2,3057.17,1067.23,4506.16,5,5,901.23
CUST_000502,10,40.0,false,0.0,10.0,10.0,2.5219,0.1,1,9,false,0.2,0.0,0.0,false,1,1,1710.15,20476.94,85082.56,10,10,8508.26
CUST_000743,15,25.0,false,25.0,0.0,12.5,2.5,0.0,0,8,false,0.0,0.0,0.0,false,1,2,1755.02,779.9,15496.87,8,8,1937.11
CUST_000426,18,16.6667,false,8.3333,8.3333,33.3333,3.085,0.0833,1,11,false,0.0833,0.0,0.0,false,1,1,2260.65,2648.97,75133.43,12,12,6261.12
CUST_000459,18,20.0,false,0.0,20.0,30.0,3.1219,0.2,2,8,false,0.1,0.1,0.0,false,1,1,343.03,1175.99,7120.8,10,10,712.08
CUST_000315,18,25.0,false,0.0,12.5,50.0,2.75,0.25,2,6,false,0.25,0.125,0.0,false,1,2,2650.41,867.97,4958.38,8,8,619.8
CUST_000080,12,13.3333,false,13.3333,20.0,20.0,3.7736,0.1333,2,13,false,0.2667,0.2667,0.0,false,1,4,2096.43,492.27,17514.15,15,15,1167.61
CUST_000127,15,18.1818,false,0.0,27.2727,36.3636,2.914,0.0909,1,10,false,0.0,0.0,0.0,false,1,2,1846.02,889.0,10050.16,11,11,913.65
CUST_000752,9,22.2222,false,0.0,22.2222,22.2222,2.7255,0.1111,1,8,false,0.1111,0.1111,0.0,false,1,1,684.2,827.97,6231.28,9,9,692.36
CUST_000694,19,25.0,false,0.0,12.5,50.0,2.75,0.0,0,8,false,0.25,0.125,0.0,false,1,2,893.55,446.78,8636.81,8,8,1079.6
CUST_000062,13,20.0,false,13.3333,26.6667,0.0,3.4566,0.0,0,15,false,0.0667,0.0,0.0,false,1,1,792.06,1845.06,35918.21,15,15,2394.55
CUST_000321,17,16.6667,false,8.3333,16.6667,33.3333,3.2516,0.0,0,12,false,0.0833,0.0,0.0,false,1,1,345.98,345.98,15687.15,12,12,1307.26
CUST_000370,19,20.0,false,10.0,20.0,20.0,2.9219,0.2,2,8,false,0.0,0.0,0.0,false,1,2,337.67,429.85,10344.01,10,10,1034.4
CUST_000987,11,22.2222,false,11.1111,11.1111,22.2222,2.9477,0.3333,3,6,false,0.0,0.0,0.0,false,1,1,359.91,670.76,7084.65,9,9,787.18
CUST_000130,9,25.0,false,0.0,12.5,37.5,2.75,0.0,0,8,false,0.0,0.0,0.0,false,1,1,951.68,2084.05,19953.85,8,8,2494.23
CUST_000081,10,15.3846,false,7.6923,0.0,15.3846,3.3927,0.0769,1,12,false,0.0,0.0,0.0,false,1,2,4048.74,905.57,12220.01,13,13,940.0
CUST_000720,10,28.5714,false,0.0,21.4286,14.2857,2.4138,0.2143,3,11,false,0.2857,0.2143,0.0,false,1,2,422.63,3310.52,25862.03,14,14,1847.29
CUST_000057,20,20.0,false,0.0,0.0,0.0,2.3219,0.2,1,4,false,0.0,0.0,0.0,false,1,1,14583.44,7921.89,19212.18,5,5,3842.44
CUST_000115,23,12.5,false,25.0,0.0,25.0,3.0,0.0,0,8,false,0.25,0.125,0.0,false,1,2,1401.92,3417.15,13728.89,8,8,1716.11
CUST_000140,18,28.5714,false,0.0,28.5714,35.7143,2.6106,0.1429,2,12,false,0.2143,0.0,0.0,false,1,3,4826.2,3151.67,29041.81,14,14,2074.41
CUST_000029,9,14.2857,false,7.1429,14.2857,14.2857,3.3788,0.1429,2,12,false,0.2857,0.0714,0.0,false,1,3,4902.07,1323.51,35239.69,14,14,2517.12
CUST_000245,11,20.0,false,0.0,0.0,20.0,2.3219,0.0,0,5,false,0.0,0.0,0.0,false,1,1,552.1,602.76,3960.81,5,5,792.16
CUST_000024,19,20.0,false,10.0,10.0,30.0,3.1219,0.4,4,6,false,0.0,0.0,0.0,false,1,1,1517.42,1158.42,15509.91,10,10,1550.99
CUST_000580,19,33.3333,false,16.6667,33.3333,33.3333,2.2516,0.1667,1,5,false,0.0,0.0,0.0,false,1,2,1144.49,572.25,6094.01,6,6,1015.67
CUST_000156,13,25.0,false,12.5,25.0,12.5,2.5,0.25,2,6,false,0.125,0.0,0.0,false,1,1,802.24,1464.93,11024.0,8,8,1378.0
CUST_000345,12,18.1818,false,27.2727,18.1818,18.1818,2.914,0.1818,2,9,false,0.2727,0.1818,0.0,false,1,1,163.77,921.73,8850.18,11,11,804.56
CUST_000889,14,33.3333,false,0.0,11.1111,22.2222,2.4194,0.2222,2,7,false,0.1111,0.1111,0.0,false,1,1,1275.91,7284.65,46081.12,9,9,5120.12
CUST_000563,18,33.3333,false,22.2222,11.1111,33.3333,2.6416,0.1111,1,8,false,0.1111,0.1111,0.0,false,1,1,1489.01,2451.94,10694.7,9,9,1188.3
CUST_000047,16,22.2222,false,0.0,0.0,11.1111,2.9477,0.0,0,9,false,0.2222,0.0,0.0,false,1,3,1408.54,436.29,8543.21,9,9,949.25
CUST_000417,9,37.5,false,12.5,12.5,12.5,2.4056,0.0,0,8,false,0.125,0.0,0.0,false,1,1,1022.36,1814.29,8512.5,8,8,1064.06
CUST_000686,16,20.0,false,10.0,10.0,30.0,2.9219,0.1,1,9,false,0.2,0.1,0.0,false,1,1,426.56,859.41,10813.02,10,10,1081.3
CUST_000157,10,20.0,false,20.0,10.0,10.0,2.9219,0.1,1,9,false,0.2,0.0,0.0,false,1,1,997.99,711.01,31152.22,10,10,3115.22
CUST_000981,15,25.0,false,0.0,0.0,12.5,2.5,0.25,2,6,false,0.125,0.125,0.0,false,1,1,606.35,653.32,9882.74,8,8,1235.34
CUST_000357,17,33.3333,false,0.0,0.0,44.4444,2.6416,0.1111,1,8,false,0.2222,0.1111,0.0,false,1,1,2832.09,5087.02,16429.73,9,9,1825.53
CUST_000010,16,25.0,false,0.0,25.0,12.5,2.75,0.125,1,7,false,0.125,0.0,0.0,false,1,1,187.94,187.94,7339.82,8,8,917.48
CUST_000532,18,14.2857,false,7.1429,7.1429,35.7143,3.2359,0.0714,1,13,false,0.2143,0.0714,0.0,false,1,3,2844.72,855.52,9933.5,14,14,709.54
CUST_000901,14,28.5714,false,14.2857,7.1429,7.1429,2.8963,0.0714,1,13,false,0.0,0.0,0.0,false,1,2,746.03,887.9,15751.1,14,14,1125.08
CUST_000118,11,20.0,false,13.3333,0.0,26.6667,2.6892,0.0667,1,14,false,0.0667,0.0667,0.0,false,1,1,355.76,302.71,8371.42,15,15,558.09
CUST_000922,6,17.6471,false,23.5294,23.5294,11.7647,3.1751,0.1176,2,15,false,0.1176,0.0,0.0,false,1,2,6732.07,2492.54,49056.18,17,17,2885.66
CUST_000399,18,15.3846,false,0.0,7.6923,30.7692,3.2389,0.3846,5,8,false,0.0,0.0,0.0,false,1,1,111.61,876.27,43030.45,13,13,3310.03
CUST_000557,22,15.3846,false,7.6923,0.0,38.4615,3.2389,0.1538,2,11,false,0.2308,0.0769,0.0,false,1,3,1632.04,763.83,17506.36,13,13,1346.64
CUST_000804,14,25.0,false,12.5,12.5,25.0,2.75,0.125,1,7,false,0.125,0.0,0.0,false,1,1,2367.35,2367.35,10377.64,8,8,1297.2
CUST_000597,6,18.1818,false,18.1818,9.0909,18.1818,3.0958,0.0,0,11,false,0.0909,0.0909,0.0,false,1,1,120.2,1045.55,11450.21,11,11,1040.93
CUST_000746,15,25.0,false,0.0,0.0,12.5,2.75,0.0,0,8,false,0.25,0.125,0.0,false,1,2,2346.08,1323.33,12543.21,8,8,1567.9
CUST_000676,19,17.6471,false,5.8824,11.7647,35.2941,3.2928,0.3529,6,11,false,0.1765,0.0588,0.0,false,1,3,36934.87,9061.07,149930.27,17,17,8819.43
CUST_000373,11,25.0,false,8.3333,16.6667,16.6667,2.8554,0.1667,2,10,false,0.0833,0.0,0.0,false,1,1,294.94,377.06,9736.02,12,12,811.34
CUST_000365,12,15.3846,false,0.0,23.0769,7.6923,3.2389,0.1538,2,11,false,0.0769,0.0,0.0,false,1,1,5060.52,5398.16,57288.21,13,13,4406.79
CUST_000766,19,40.0,false,0.0,10.0,40.0,2.5219,0.1,1,9,false,0.0,0.0,0.0,false,1,1,165.31,778.06,9451.8,10,10,945.18
CUST_000008,11,21.4286,false,7.1429,7.1429,21.4286,3.1281,0.1429,2,12,false,0.0,0.0,0.0,false,1,2,3069.57,1142.41,16998.91,14,14,1214.21
CUST_000001,16,28.5714,false,0.0,0.0,42.8571,2.2359,0.1429,1,6,false,0.1429,0.1429,0.0,false,1,1,498.12,302.95,4978.92,7,7,711.27
CUST_000638,12,33.3333,false,33.3333,33.3333,33.3333,1.585,0.0,0,3,false,0.6667,0.3333,0.0,false,1,2,3586.36,1793.18,5440.78,3,3,1813.59
CUST_000088,20,25.0,false,8.3333,0.0,16.6667,2.7925,0.25,3,9,false,0.1667,0.0,0.0,false,1,2,2151.85,834.92,9032.05,12,12,752.67
CUST_000878,12,20.0,false,10.0,30.0,10.0,3.1219,0.2,2,8,false,0.2,0.0,0.0,false,1,3,3322.36,3203.83,19791.81,10,10,1979.18
CUST_000954,14,22.2222,false,22.2222,22.2222,0.0,2.5033,0.1111,1,8,false,0.0,0.0,0.0,false,1,1,399.04,4075.61,25771.06,9,9,2863.45
CUST_000926,9,22.2222,false,11.1111,11.1111,11.1111,2.9477,0.2222,2,7,false,0.3333,0.1111,0.0,false,1,2,829.02,504.96,28287.82,9,9,3143.09
CUST_000375,23,50.0,false,50.0,0.0,0.0,1.0,0.5,1,1,false,0.0,0.0,0.0,false,1,1,716.75,1170.29,2340.58,2,2,1170.29
CUST_000844,9,21.4286,false,0.0,0.0,14.2857,3.0391,0.1429,2,12,false,0.2857,0.1429,0.0,false,1,4,6061.88,2529.73,29721.0,14,14,2122.93
CUST_000240,12,28.5714,false,7.1429,28.5714,0.0,3.0931,0.2857,4,10,false,0.1429,0.0714,0.0,false,1,2,3273.54,5235.68,91867.59,14,14,6561.97
CUST_000016,7,33.3333,false,66.6667,16.6667,0.0,2.2516,0.0,0,6,false,0.3333,0.0,0.0,false,1,2,1535.9,767.95,8436.21,6,6,1406.03
CUST_000002,18,33.3333,false,0.0,16.6667,33.3333,2.2516,0.1667,1,5,false,0.3333,0.0,0.0,false,1,2,70918.56,24068.25,83371.55,6,6,13895.26
CUST_000230,10,25.0,false,0.0,0.0,0.0,2.0,0.0,0,4,false,0.0,0.0,0.0,false,1,1,1645.09,1557.38,5612.27,4,4,1403.07
CUST_000714,10,40.0,false,0.0,0.0,0.0,1.9219,0.2,1,4,false,0.2,0.2,0.0,false,1,1,1104.66,1104.66,14847.43,5,5,2969.49
CUST_000858,13,22.2222,false,0.0,22.2222,11.1111,2.7255,0.2222,2,7,false,0.3333,0.0,0.0,false,1,2,352.16,198.66,6242.07,9,9,693.56
CUST_000856,15,18.1818,false,0.0,9.0909,27.2727,3.0958,0.2727,3,8,false,0.0909,0.0909,0.0,false,1,1,733.23,748.88,6608.11,11,11,600.74
CUST_000077,10,22.2222,false,0.0,0.0,22.2222,2.7255,0.3333,3,6,false,0.0,0.0,0.0,false,1,1,2071.6,1294.24,10739.56,9,9,1193.28
CUST_000091,18,33.3333,false,16.6667,16.6667,33.3333,2.2516,0.3333,2,4,false,0.0,0.0,0.0,false,1,2,1037.8,560.04,3772.36,6,6,628.73
CUST_000271,16,28.5714,false,14.2857,14.2857,0.0,2.2359,0.0,0,7,false,0.2857,0.1429,0.0,false,1,2,5406.01,2091.83,7417.5,7,7,1059.64
CUST_000145,11,33.3333,false,0.0,0.0,22.2222,2.4194,0.1111,1,8,false,0.0,0.0,0.0,false,1,1,97.47,28348.28,150919.81,9,9,16768.87
CUST_000221,16,16.6667,false,16.6667,16.6667,0.0,2.585,0.1667,1,5,false,0.1667,0.0,0.0,false,1,1,2471.4,1337.45,8061.41,6,6,1343.57
CUST_000299,17,25.0,false,12.5,12.5,25.0,2.5,0.0,0,8,false,0.125,0.0,0.0,false,1,2,1579.93,789.96,10017.18,8,8,1252.15
CUST_000947,14,25.0,false,12.5,25.0,25.0,2.5,0.0,0,8,false,0.125,0.125,0.0,false,1,1,3436.69,18353.62,82951.24,8,8,10368.91
CUST_000303,13,22.2222,false,0.0,33.3333,11.1111,2.9477,0.1111,1,8,false,0.1111,0.0,0.0,false,1,1,59.52,282.56,6961.52,9,9,773.5
CUST_000610,13,22.2222,false,11.1111,33.3333,11.1111,2.9477,0.2222,2,7,false,0.1111,0.0,0.0,false,1,1,989.92,638.82,14931.12,9,9,1659.01
CUST_000109,11,33.3333,false,0.0,8.3333,33.3333,2.585,0.0833,1,11,false,0.0833,0.0833,0.0,false,1,2,682.54,668.09,13171.56,12,12,1097.63
CUST_000110,11,20.0,false,10.0,30.0,10.0,2.9219,0.2,2,8,false,0.0,0.0,0.0,false,1,1,3584.55,1495.2,11149.43,10,10,1114.94
CUST_000066,10,16.6667,false,0.0,8.3333,25.0,3.2516,0.1667,2,10,false,0.0833,0.0833,0.0,false,1,1,1205.31,785.55,23253.49,12,12,1937.79
CUST_000235,18,18.1818,false,9.0909,18.1818,36.3636,3.0958,0.1818,2,9,false,0.0,0.0,0.0,false,1,2,581.3,475.11,13493.75,11,11,1226.7
CUST_000861,13,22.2222,false,11.1111,22.2222,22.2222,2.7255,0.1111,1,8,false,0.0,0.0,0.0,false,1,1,1252.96,1939.93,11655.65,9,9,1295.07
CUST_000867,12,18.1818,false,0.0,18.1818,18.1818,3.0958,0.1818,2,9,false,0.0909,0.0,0.0,false,1,2,2420.21,2769.95,13883.26,11,11,1262.11
CUST_000570,10,16.6667,false,0.0,16.6667,25.0,3.085,0.0833,1,11,false,0.0833,0.0,0.0,false,1,1,1330.04,1275.32,9924.59,12,12,827.05
CUST_000322,11,27.2727,false,27.2727,18.1818,18.1818,2.8454,0.1818,2,9,false,0.0909,0.0909,0.0,false,1,1,1120.37,1348.54,13146.29,11,11,1195.12
CUST_000348,21,28.5714,false,14.2857,14.2857,0.0,2.5216,0.0,0,7,false,0.0,0.0,0.0,false,1,2,4296.94,2585.88,17648.67,7,7,2521.24
CUST_000765,14,16.6667,false,8.3333,0.0,33.3333,3.085,0.0833,1,11,false,0.0833,0.0,0.0,false,1,1,2309.5,2819.74,31976.8,12,12,2664.73
CUST_000082,12,16.6667,false,8.3333,25.0,8.3333,2.9183,0.0833,1,11,false,0.0833,0.0,0.0,false,1,1,236.57,670.48,8386.64,12,12,698.89
CUST_000583,12,14.2857,false,7.1429,14.2857,28.5714,3.2359,0.1429,2,12,false,0.2857,0.0,0.0,false,1,3,8767.71,2785.2,24020.7,14,14,1715.76
CUST_000678,15,18.1818,false,18.1818,27.2727,9.0909,2.914,0.0909,1,10,false,0.4545,0.2727,0.0,false,1,5,28640.97,3903.99,33530.01,11,11,3048.18
CUST_000042,19,28.5714,false,0.0,0.0,42.8571,2.5216,0.0,0,7,false,0.1429,0.0,0.0,false,1,1,466.72,370.43,12409.6,7,7,1772.8
CUST_000708,12,33.3333,false,11.1111,44.4444,22.2222,2.6416,0.1111,1,8,false,0.1111,0.0,0.0,false,1,1,1767.91,5714.99,23612.21,9,9,2623.58
CUST_000716,17,20.0,false,20.0,13.3333,40.0,3.3232,0.1333,2,13,false,0.0,0.0,0.0,false,1,1,233.81,9494.57,50734.75,15,15,3382.32
CUST_000577,8,20.0,false,20.0,0.0,40.0,2.3219,0.0,0,5,false,0.0,0.0,0.0,false,1,1,599.74,832.5,3916.22,5,5,783.24
CUST_000821,23,28.5714,false,7.1429,7.1429,7.1429,3.0931,0.2857,4,10,false,0.1429,0.0,0.0,false,1,2,15524.42,4081.7,36143.74,14,14,2581.7
CUST_000273,11,18.1818,false,9.0909,9.0909,9.0909,3.0958,0.2727,3,8,false,0.0909,0.0,0.0,false,1,1,243.76,232.53,11069.49,11,11,1006.32
CUST_000596,19,28.5714,false,0.0,14.2857,28.5714,2.5216,0.0,0,7,false,0.2857,0.0,0.0,false,1,2,4180.95,2080.33,8794.96,7,7,1256.42
CUST_000527,9,28.5714,false,14.2857,0.0,28.5714,2.5216,0.1429,1,6,false,0.0,0.0,0.0,false,1,1,980.79,4187.84,10317.45,7,7,1473.92
CUST_000621,19,40.0,false,0.0,20.0,40.0,1.9219,0.2,1,4,false,0.2,0.2,0.0,false,1,1,5444.82,2904.79,7134.87,5,5,1426.97
CUST_000193,17,20.0,false,6.6667,6.6667,40.0,3.0062,0.1333,2,13,false,0.0667,0.0,0.0,false,1,1,2860.37,8437.08,65041.4,15,15,4336.09
CUST_000984,6,25.0,false,25.0,8.3333,16.6667,3.0221,0.1667,2,10,false,0.0,0.0,0.0,false,1,1,572.92,2039.35,15096.08,12,12,1258.01
CUST_000627,18,66.6667,false,0.0,33.3333,66.6667,0.9183,0.3333,1,2,false,0.3333,0.0,0.0,false,1,1,335.81,221.65,2794.19,3,3,931.4
CUST_000616,9,18.1818,false,0.0,9.0909,27.2727,3.2776,0.3636,4,7,false,0.0909,0.0909,0.0,false,1,1,2265.76,5801.66,30035.0,11,11,2730.45
CUST_000262,23,20.0,false,10.0,10.0,20.0,3.1219,0.1,1,9,false,0.4,0.0,0.0,false,1,4,6508.11,1111.31,9750.09,10,10,975.01
CUST_000964,10,18.1818,false,9.0909,9.0909,9.0909,3.2776,0.0909,1,10,false,0.0,0.0,0.0,false,1,3,14383.04,4411.98,95761.16,11,11,8705.56
CUST_000068,10,33.3333,false,11.1111,0.0,11.1111,2.6416,0.1111,1,8,false,0.3333,0.2222,0.0,false,1,3,1582.98,527.66,6117.62,9,9,679.74
CUST_000776,14,18.1818,false,0.0,9.0909,9.0909,2.914,0.1818,2,9,false,0.0909,0.0,0.0,false,1,1,105.02,105.02,37762.11,11,11,3432.92
CUST_000630,17,27.2727,false,0.0,36.3636,45.4545,2.6635,0.1818,2,9,false,0.0,0.0,0.0,false,1,1,46.88,698.39,7310.48,11,11,664.59
CUST_000590,15,25.0,false,12.5,12.5,12.5,2.75,0.125,1,7,false,0.0,0.0,0.0,false,1,1,93.93,787.04,8983.48,8,8,1122.94
CUST_000296,19,33.3333,false,0.0,11.1111,33.3333,2.4194,0.3333,3,6,false,0.0,0.0,0.0,false,1,1,166.28,705.71,12674.39,9,9,1408.27
CUST_000408,17,18.1818,false,9.0909,0.0,45.4545,3.0958,0.1818,2,9,false,0.0909,0.0,0.0,false,1,1,80.81,453.8,22939.52,11,11,2085.41
CUST_000494,20,22.2222,false,0.0,11.1111,22.2222,2.9477,0.1111,1,8,false,0.1111,0.0,0.0,false,1,1,970.45,988.11,8961.53,9,9,995.73
CUST_000185,18,33.3333,false,0.0,0.0,55.5556,2.4194,0.0,0,9,false,0.1111,0.1111,0.0,false,1,1,362.63,2413.16,12829.88,9,9,1425.54
CUST_000368,17,13.3333,false,6.6667,13.3333,26.6667,3.6402,0.1333,2,13,false,0.1333,0.0667,0.0,false,1,3,3088.14,707.88,15625.91,15,15,1041.73
CUST_000916,18,22.2222,false,0.0,22.2222,22.2222,2.7255,0.1111,1,8,false,0.1111,0.1111,0.0,false,1,1,323.14,323.14,12139.41,9,9,1348.82
CUST_000836,11,20.0,false,20.0,20.0,20.0,2.3219,0.0,0,5,false,0.2,0.0,0.0,false,1,1,1111.43,2197.58,7858.67,5,5,1571.73
CUST_000448,12,25.0,false,25.0,37.5,0.0,2.75,0.25,2,6,false,0.125,0.0,0.0,false,1,1,3968.29,4384.49,37579.87,8,8,4697.48
CUST_000927,18,22.2222,false,22.2222,11.1111,22.2222,2.7255,0.2222,2,7,false,0.1111,0.1111,0.0,false,1,1,11936.83,6796.68,50279.64,9,9,5586.63
CUST_000272,18,28.5714,false,0.0,0.0,28.5714,2.2359,0.0,0,7,false,0.2857,0.2857,0.0,false,2,2,1652.25,591.03,6249.14,7,7,892.73
CUST_000153,19,18.1818,false,9.0909,0.0,27.2727,2.914,0.0,0,11,false,0.1818,0.0909,0.0,false,1,2,3902.39,1079.79,11371.09,11,11,1033.74
CUST_000184,20,33.3333,false,0.0,16.6667,16.6667,2.2516,0.0,0,6,false,0.0,0.0,0.0,false,1,1,1477.76,944.98,6019.23,6,6,1003.21
CUST_000281,10,16.6667,false,8.3333,16.6667,8.3333,3.2516,0.25,3,9,false,0.0833,0.0,0.0,false,1,1,1390.96,1302.18,14520.22,12,12,1210.02
CUST_000275,17,22.2222,false,11.1111,11.1111,33.3333,2.9477,0.1111,1,8,false,0.2222,0.1111,0.0,false,1,2,6726.8,5675.66,54816.46,9,9,6090.72
CUST_000466,14,14.2857,false,0.0,14.2857,28.5714,2.8074,0.0,0,7,false,0.1429,0.0,0.0,false,1,1,379.07,3278.28,46969.53,7,7,6709.93
CUST_000004,19,23.0769,false,15.3846,0.0,53.8462,2.8731,0.1538,2,11,false,0.0769,0.0769,0.0,false,1,1,40.63,1209.84,14540.97,13,13,1118.54
CUST_000688,19,22.2222,false,0.0,0.0,44.4444,2.7255,0.1111,1,8,false,0.0,0.0,0.0,false,1,1,1081.25,833.66,11156.94,9,9,1239.66
CUST_000759,17,44.4444,false,11.1111,0.0,55.5556,2.0588,0.1111,1,8,false,0.1111,0.0,0.0,false,1,1,267.72,539.82,12587.82,9,9,1398.65
CUST_000379,11,14.2857,false,7.1429,14.2857,28.5714,3.0931,0.0,0,14,false,0.0714,0.0714,0.0,false,1,1,2826.21,3154.43,32841.12,14,14,2345.79
CUST_000089,9,40.0,false,0.0,10.0,10.0,2.5219,0.1,1,9,false,0.0,0.0,0.0,false,1,3,7841.54,1911.36,16156.13,10,10,1615.61
CUST_000204,12,25.0,false,0.0,25.0,50.0,2.25,0.375,3,5,false,0.0,0.0,0.0,false,1,1,1014.55,2446.51,19429.14,8,8,2428.64
CUST_000820,10,33.3333,false,0.0,0.0,16.6667,2.2516,0.0,0,6,false,0.0,0.0,0.0,false,1,1,259.91,259.91,2511.5,6,6,418.58
CUST_000020,21,20.0,false,0.0,10.0,20.0,2.9219,0.3,3,7,false,0.1,0.0,0.0,false,1,1,2726.51,2726.51,15400.46,10,10,1540.05
CUST_000072,17,22.2222,false,11.1111,0.0,22.2222,2.7255,0.2222,2,7,false,0.0,0.0,0.0,false,1,1,487.73,1439.57,7233.62,9,9,803.74
CUST_000801,15,33.3333,false,11.1111,11.1111,0.0,2.4194,0.0,0,9,false,0.1111,0.1111,0.0,false,1,1,1461.12,1461.12,6804.37,9,9,756.04
CUST_000870,18,30.0,false,10.0,0.0,40.0,2.8464,0.0,0,10,false,0.2,0.1,0.0,false,1,2,1036.61,387.68,12310.09,10,10,1231.01
CUST_000189,13,21.4286,false,7.1429,28.5714,21.4286,3.3249,0.1429,2,12,false,0.0714,0.0,0.0,false,1,1,2994.25,1710.62,37267.68,14,14,2661.98
CUST_000908,15,22.2222,false,0.0,22.2222,0.0,2.5033,0.1111,1,8,false,0.0,0.0,0.0,false,1,1,251.71,903.77,8747.06,9,9,971.9
CUST_000158,14,33.3333,false,0.0,0.0,0.0,2.2516,0.3333,2,4,false,0.1667,0.0,0.0,false,1,1,382.03,748.25,6051.34,6,6,1008.56
CUST_000659,22,22.2222,false,11.1111,11.1111,33.3333,2.7255,0.1111,1,8,false,0.1111,0.0,0.0,false,1,1,224.99,1107.39,13738.5,9,9,1526.5
CUST_000188,20,18.1818,false,0.0,27.2727,9.0909,2.914,0.1818,2,9,false,0.0909,0.0,0.0,false,1,1,1042.65,10237.69,67929.63,11,11,6175.42
CUST_000051,17,28.5714,false,0.0,14.2857,28.5714,2.2359,0.1429,1,6,false,0.0,0.0,0.0,false,1,1,221.92,620.08,7961.02,7,7,1137.29
CUST_000731,16,25.0,false,0.0,0.0,25.0,2.6887,0.0833,1,11,false,0.0833,0.0,0.0,false,1,1,1077.8,869.1,10599.91,12,12,883.33
CUST_000972,21,25.0,false,0.0,0.0,25.0,2.75,0.0,0,8,false,0.125,0.125,0.0,false,1,1,90.71,1891.94,11949.1,8,8,1493.64
CUST_000493,8,16.6667,false,33.3333,33.3333,0.0,2.585,0.1667,1,5,false,0.1667,0.0,0.0,false,1,1,273.11,320.34,8261.72,6,6,1376.95
CUST_000246,19,28.5714,false,0.0,0.0,42.8571,2.5216,0.0,0,7,false,0.1429,0.0,0.0,false,1,1,468.21,564.7,8433.7,7,7,1204.81
CUST_000441,7,28.5714,false,28.5714,14.2857,14.2857,2.5216,0.0,0,7,false,0.0,0.0,0.0,false,1,2,732.63,757.79,5169.94,7,7,738.56
CUST_000434,18,15.3846,false,7.6923,0.0,23.0769,3.0851,0.2308,3,10,false,0.0769,0.0769,0.0,false,1,2,1572.81,551.61,12975.77,13,13,998.14
CUST_000828,17,12.5,false,12.5,0.0,25.0,3.0,0.0,0,8,false,0.0,0.0,0.0,false,1,1,8230.96,6468.26,40281.55,8,8,5035.19
CUST_000824,7,14.2857,false,14.2857,0.0,14.2857,2.8074,0.0,0,7,false,0.2857,0.0,0.0,false,1,2,782.96,4627.31,20918.45,7,7,2988.35
CUST_000343,18,22.2222,false,0.0,11.1111,33.3333,2.7255,0.2222,2,7,false,0.3333,0.0,0.0,false,1,2,261.49,992.95,9591.77,9,9,1065.75
CUST_000722,21,50.0,false,0.0,0.0,50.0,1.0,0.25,1,3,false,0.0,0.0,0.0,false,1,1,210.52,343.26,1339.77,4,4,334.94
CUST_000222,18,18.1818,false,0.0,18.1818,27.2727,3.0958,0.0909,1,10,false,0.2727,0.0,0.0,false,1,3,13216.93,4405.64,78661.58,11,11,7151.05
CUST_000327,12,16.6667,false,8.3333,16.6667,33.3333,3.2516,0.0833,1,11,false,0.0,0.0,0.0,false,1,1,1451.03,1451.03,29205.06,12,12,2433.76
CUST_000814,18,11.1111,false,11.1111,11.1111,33.3333,3.1699,0.0,0,9,false,0.3333,0.1111,0.0,false,1,3,27987.31,7726.13,51051.13,9,9,5672.35
CUST_000446,16,16.6667,false,16.6667,8.3333,8.3333,3.2516,0.0833,1,11,false,0.0833,0.0,0.0,false,1,1,349.4,1585.7,14649.49,12,12,1220.79
CUST_000961,19,20.0,false,0.0,0.0,40.0,3.0062,0.0667,1,14,false,0.0667,0.0667,0.0,false,1,1,247.18,1028.38,13832.26,15,15,922.15
CUST_000974,16,14.2857,false,14.2857,0.0,0.0,2.8074,0.1429,1,6,false,0.0,0.0,0.0,false,1,2,1256.49,798.33,8625.62,7,7,1232.23
CUST_000219,17,18.1818,false,9.0909,9.0909,36.3636,3.0958,0.1818,2,9,false,0.0909,0.0,0.0,false,1,1,552.09,695.98,45870.79,11,11,4170.07
CUST_000046,15,33.3333,false,0.0,33.3333,0.0,1.585,0.0,0,3,false,0.0,0.0,0.0,false,1,1,3544.98,2427.29,4971.93,3,3,1657.31
CUST_000274,17,23.0769,false,7.6923,15.3846,38.4615,3.027,0.0769,1,12,false,0.2308,0.1538,0.0,false,1,3,1021.16,689.22,14983.86,13,13,1152.6
CUST_000517,15,33.3333,false,11.1111,11.1111,11.1111,2.6416,0.1111,1,8,false,0.1111,0.0,0.0,false,1,1,444.02,1048.31,14641.0,9,9,1626.78
CUST_000288,11,25.0,false,8.3333,25.0,16.6667,2.8554,0.1667,2,10,false,0.1667,0.0,0.0,false,1,1,1327.19,782.3,10748.73,12,12,895.73
CUST_000732,18,15.3846,false,0.0,7.6923,15.3846,2.9312,0.2308,3,10,false,0.0769,0.0,0.0,false,1,1,1493.23,4419.6,89952.21,13,13,6919.4
CUST_000422,10,37.5,false,12.5,0.0,12.5,2.1556,0.125,1,7,false,0.0,0.0,0.0,false,1,2,1649.21,1610.36,6639.81,8,8,829.98
CUST_000690,22,18.1818,false,9.0909,0.0,9.0909,2.914,0.0,0,11,false,0.0909,0.0909,0.0,false,1,1,6090.72,3524.37,40663.47,11,11,3696.68
CUST_000818,14,25.0,false,0.0,25.0,0.0,2.5,0.5,4,4,false,0.125,0.0,0.0,false,1,1,4190.19,3895.67,97572.45,8,8,12196.56
CUST_000734,15,50.0,false,0.0,25.0,0.0,1.5,0.0,0,4,false,0.0,0.0,0.0,false,2,3,12376.79,4125.6,12566.41,4,4,3141.6
CUST_000769,9,27.2727,false,0.0,0.0,27.2727,2.6635,0.0909,1,10,false,0.0909,0.0,0.0,false,1,1,309.77,1889.59,19040.04,11,11,1730.91
CUST_000122,16,33.3333,false,16.6667,16.6667,0.0,2.2516,0.0,0,6,false,0.1667,0.0,0.0,false,1,1,1626.74,961.8,3881.93,6,6,646.99
CUST_000725,16,28.5714,false,28.5714,0.0,14.2857,2.2359,0.1429,1,6,false,0.0,0.0,0.0,false,1,2,1076.22,402.47,11770.47,7,7,1681.5
CUST_000220,11,40.0,false,20.0,0.0,20.0,1.9219,0.2,1,4,false,0.2,0.2,0.0,false,1,1,562.27,1457.5,6268.75,5,5,1253.75
CUST_000715,12,25.0,false,0.0,25.0,25.0,2.0,0.25,1,3,false,0.0,0.0,0.0,false,1,1,1661.54,850.0,14196.29,4,4,3549.07
CUST_000200,12,50.0,false,0.0,50.0,0.0,1.0,0.75,3,1,true,0.0,0.0,0.0,false,1,1,1907.99,1907.99,4129.64,4,4,1032.41
CUST_000166,16,25.0,false,8.3333,8.3333,16.6667,2.8554,0.0,0,12,false,0.0833,0.0833,0.0,false,1,1,3385.28,1315.0,9293.37,12,12,774.45
CUST_000031,9,18.1818,false,9.0909,18.1818,18.1818,2.914,0.0909,1,10,false,0.1818,0.0,0.0,false,1,1,870.17,950.67,9132.59,11,11,830.24
CUST_000930,15,36.3636,false,0.0,9.0909,18.1818,2.3685,0.1818,2,9,false,0.1818,0.0,0.0,false,1,2,4004.41,1281.94,10269.72,11,11,933.61
CUST_000098,12,16.6667,false,0.0,16.6667,16.6667,3.085,0.1667,2,10,false,0.0833,0.0,0.0,false,1,1,399.03,528.29,7477.33,12,12,623.11
CUST_000564,18,20.0,false,10.0,10.0,30.0,2.9219,0.1,1,9,false,0.0,0.0,0.0,false,2,2,3365.8,1425.95,12919.62,10,10,1291.96
CUST_000681,16,28.5714,false,0.0,0.0,42.8571,2.5216,0.1429,1,6,false,0.0,0.0,0.0,false,1,1,638.34,726.09,9771.99,7,7,1396.0
CUST_000723,17,28.5714,false,28.5714,14.2857,28.5714,2.5216,0.1429,1,6,false,0.1429,0.0,0.0,false,1,1,1718.14,1718.14,8898.36,7,7,1271.19
CUST_000308,18,40.0,false,0.0,20.0,40.0,1.9219,0.0,0,5,false,0.0,0.0,0.0,false,1,2,829.02,562.92,10591.62,5,5,2118.32
CUST_000113,19,22.2222,false,11.1111,11.1111,22.2222,2.5033,0.2222,2,7,false,0.1111,0.1111,0.0,false,1,1,1501.17,3384.47,24463.98,9,9,2718.22
CUST_000309,9,17.6471,false,5.8824,11.7647,11.7647,3.3372,0.2941,5,12,false,0.1765,0.0588,0.0,false,1,2,1427.85,3314.79,64996.53,17,17,3823.33
CUST_000360,15,20.0,false,0.0,20.0,20.0,3.1219,0.0,0,10,false,0.1,0.0,0.0,false,1,1,67.2,6510.8,40639.36,10,10,4063.94
CUST_000413,15,40.0,false,0.0,10.0,10.0,2.3219,0.0,0,10,false,0.0,0.0,0.0,false,1,3,35330.93,11270.72,101979.09,10,10,10197.91
CUST_000614,12,20.0,false,10.0,20.0,20.0,2.7219,0.2,2,8,false,0.0,0.0,0.0,false,1,1,59.55,56.29,6727.07,10,10,672.71
CUST_000483,18,42.8571,false,0.0,42.8571,42.8571,1.8424,0.2857,2,5,false,0.1429,0.0,0.0,false,1,1,166.04,379.91,5728.7,7,7,818.39
CUST_000421,16,18.1818,false,9.0909,18.1818,0.0,2.914,0.0,0,11,false,0.1818,0.0,0.0,false,1,2,1157.49,578.75,12925.52,11,11,1175.05
CUST_000190,19,11.1111,false,0.0,0.0,22.2222,3.1699,0.1111,1,8,false,0.0,0.0,0.0,false,1,1,1300.49,826.07,10158.82,9,9,1128.76
CUST_000885,19,33.3333,false,0.0,22.2222,55.5556,2.6416,0.1111,1,8,false,0.1111,0.0,0.0,false,1,1,6202.9,2241.25,13979.05,9,9,1553.23
CUST_000845,22,50.0,false,0.0,0.0,0.0,1.0,0.0,0,2,false,0.0,0.0,0.0,false,1,2,2426.37,1213.18,2426.37,2,2,1213.18
CUST_000124,17,18.1818,false,9.0909,9.0909,27.2727,3.0958,0.0909,1,10,false,0.0,0.0,0.0,false,1,1,2873.81,2449.62,28680.45,11,11,2607.31
CUST_000291,16,23.0769,false,7.6923,0.0,46.1538,2.8151,0.1538,2,11,false,0.0769,0.0,0.0,false,1,1,1367.93,640.51,20527.8,13,13,1579.06
CUST_000902,14,14.2857,false,0.0,0.0,0.0,2.8074,0.2857,2,5,false,0.0,0.0,0.0,false,1,1,611.27,611.27,14200.0,7,7,2028.57
CUST_000802,11,27.2727,false,9.0909,9.0909,18.1818,2.6635,0.0,0,11,false,0.0909,0.0,0.0,false,1,1,256.01,835.41,7866.14,11,11,715.1
CUST_000948,19,20.0,false,10.0,10.0,30.0,2.9219,0.1,1,9,false,0.1,0.0,0.0,false,1,1,324.08,329.13,24467.04,10,10,2446.7
CUST_000019,16,16.6667,false,8.3333,8.3333,25.0,3.4183,0.1667,2,10,false,0.0833,0.0833,0.0,false,1,1,725.15,1128.62,20502.98,12,12,1708.58
CUST_000997,6,18.1818,false,18.1818,0.0,18.1818,2.7322,0.0909,1,10,false,0.0,0.0,0.0,false,1,2,1395.56,464.48,9975.95,11,11,906.9
CUST_000669,6,16.6667,false,16.6667,0.0,33.3333,2.585,0.1667,1,5,false,0.1667,0.0,0.0,false,1,1,1065.92,1696.23,7800.57,6,6,1300.1
CUST_000604,9,23.0769,false,23.0769,7.6923,0.0,3.027,0.0769,1,12,false,0.2308,0.0769,0.0,false,1,3,22764.09,6161.43,46067.53,13,13,3543.66
CUST_000854,16,27.2727,false,0.0,18.1818,27.2727,2.8454,0.0909,1,10,false,0.2727,0.0909,0.0,false,1,2,3797.0,983.4,12440.63,11,11,1130.97
CUST_000985,13,20.0,false,0.0,30.0,20.0,2.7219,0.2,2,8,false,0.1,0.1,0.0,false,1,1,2464.59,4012.6,10887.09,10,10,1088.71
CUST_000799,23,25.0,false,0.0,16.6667,16.6667,3.0221,0.0833,1,11,false,0.0,0.0,0.0,false,1,1,600.64,1599.08,30668.03,12,12,2555.67
CUST_000186,23,25.0,false,12.5,0.0,25.0,2.75,0.125,1,7,false,0.25,0.125,0.0,false,1,2,868.99,839.27,12817.82,8,8,1602.23
CUST_000545,19,25.0,false,25.0,12.5,25.0,2.75,0.0,0,8,false,0.0,0.0,0.0,false,1,1,143.63,599.37,5595.83,8,8,699.48
CUST_000827,16,22.2222,false,0.0,0.0,33.3333,2.5033,0.2222,2,7,false,0.2222,0.0,0.0,false,1,1,1660.94,1015.16,9323.19,9,9,1035.91
CUST_000120,8,100.0,true,100.0,0.0,0.0,-0.0,0.0,0,1,false,0.0,0.0,0.0,false,1,1,564.95,564.95,564.95,1,1,564.95
CUST_000267,10,30.0,false,0.0,20.0,0.0,2.4464,0.4,4,6,false,0.0,0.0,0.0,false,1,1,192.13,727.48,17560.3,10,10,1756.03
CUST_000904,17,25.0,false,0.0,12.5,25.0,2.75,0.125,1,7,false,0.25,0.0,0.0,false,1,1,331.68,403.77,5879.21,8,8,734.9
CUST_000495,17,16.6667,false,16.6667,0.0,16.6667,2.585,0.0,0,6,false,0.3333,0.1667,0.0,false,1,1,1271.67,1511.65,38099.83,6,6,6349.97
CUST_000473,12,25.0,false,12.5,37.5,25.0,2.75,0.0,0,8,false,0.0,0.0,0.0,false,1,1,126.87,126.87,9236.94,8,8,1154.62
CUST_000905,14,28.5714,false,14.2857,14.2857,28.5714,2.5216,0.1429,1,6,false,0.1429,0.0,0.0,false,1,1,9369.48,5761.94,88322.07,7,7,12617.44
CUST_000862,16,30.0,false,10.0,10.0,10.0,2.6464,0.1,1,9,false,0.2,0.0,0.0,false,1,1,1058.47,952.56,9990.34,10,10,999.03
CUST_000395,22,20.0,false,10.0,10.0,20.0,3.1219,0.1,1,9,false,0.0,0.0,0.0,false,1,2,4543.99,2271.99,32844.02,10,10,3284.4
CUST_000983,14,25.0,false,0.0,25.0,8.3333,2.8554,0.1667,2,10,false,0.0833,0.0833,0.0,false,1,1,1148.04,13853.84,122741.76,12,12,10228.48
CUST_000284,14,13.3333,false,20.0,20.0,13.3333,3.3736,0.0,0,15,false,0.1333,0.1333,0.0,false,1,2,3183.19,7422.35,46640.92,15,15,3109.39
CUST_000215,12,22.2222,false,11.1111,33.3333,11.1111,2.9477,0.0,0,9,false,0.3333,0.1111,0.0,false,1,3,3780.52,1117.04,17821.81,9,9,1980.2
